Test,TestId,Type,Item,Message,Data,Path
BASEGAMEVER,2,"Unknown","","No applicable items found for test Base Game Version (BASEGAMEVER)",,"",
BLOCKSCAT,2,"Unknown","","No applicable items found for test Blocks Catalog (BLOCKSCAT)",,"",
CBFG,1,"Test success","","Beta Features completed successfully",,"",
CDWORLDDATA,2,"Unknown","","No applicable items found for test Custom Dimension World Data Validation (CDWORLDDATA)",,"",
CHECKFEATUREDEPRECATION,2,"Unknown","","No applicable items found for test Feature Deprecation (CHECKFEATUREDEPRECATION)",,"",
CHKMANIF,1,"Test success","","Manifest Validation completed successfully",,"",
COMJSON,1,"Test success","","Community JSON Schema Validation completed successfully",,"",
COMJSON,1110,"Info","","Entity type is not at a current format version",,"/behavior_packs/bp/entities/circuit_cave_painting.json",
COMJSON,1128,"Info","","Animation is not at a current format version (is at 1.10.0)",,"/resource_packs/rp/animations/brokenendoverhaul.animation.json",
COMJSON,1128,"Info","","Animation is not at a current format version (is at 1.10.0)",,"/resource_packs/rp/animations/chord.animation.json",
COMJSON,1128,"Info","","Animation is not at a current format version (is at 1.8.0)",,"/resource_packs/rp/animations/chord_projectile.animation.json",
COMJSON,1128,"Info","","Animation is not at a current format version (is at 1.10.0)",,"/resource_packs/rp/animations/circy.animation.json",
COMJSON,1128,"Info","","Animation is not at a current format version (is at 1.10.0)",,"/resource_packs/rp/animations/curved.animation.json",
COMJSON,1128,"Info","","Animation is not at a current format version (is at 1.10.0)",,"/resource_packs/rp/animations/deprivation.animation.json",
COMJSON,1128,"Info","","Animation is not at a current format version (is at 1.10.0)",,"/resource_packs/rp/animations/desintegration.animation.json",
COMJSON,1128,"Info","","Animation is not at a current format version (is at 1.10.0)",,"/resource_packs/rp/animations/error5v2.animation.json",
COMJSON,1128,"Info","","Animation is not at a current format version (is at 1.10.0)",,"/resource_packs/rp/animations/fever.animation.json",
COMJSON,1128,"Info","","Animation is not at a current format version (is at 1.10.0)",,"/resource_packs/rp/animations/fractured.animation.json",
COMJSON,1128,"Info","","Animation is not at a current format version (is at 1.10.0)",,"/resource_packs/rp/animations/hetzer.animation.json",
COMJSON,1128,"Info","","Animation is not at a current format version (is at 1.10.0)",,"/resource_packs/rp/animations/hetzerfixed.animation.json",
COMJSON,1128,"Info","","Animation is not at a current format version (is at 1.10.0)",,"/resource_packs/rp/animations/integrity.animation.json",
COMJSON,1128,"Info","","Animation is not at a current format version (is at 1.10.0)",,"/resource_packs/rp/animations/integrity_curious.animation.json",
COMJSON,1128,"Info","","Animation is not at a current format version (is at 1.10.0)",,"/resource_packs/rp/animations/integrity_phase1.animation.json",
COMJSON,1128,"Info","","Animation is not at a current format version (is at 1.10.0)",,"/resource_packs/rp/animations/integrity_phase2.animation.json",
COMJSON,1128,"Info","","Animation is not at a current format version (is at 1.10.0)",,"/resource_packs/rp/animations/integrity_phase3.animation.json",
COMJSON,1128,"Info","","Animation is not at a current format version (is at 1.10.0)",,"/resource_packs/rp/animations/integritywip.animation.json",
COMJSON,1128,"Info","","Animation is not at a current format version (is at 1.10.0)",,"/resource_packs/rp/animations/ip3_ground_arm.animation.json",
COMJSON,1128,"Info","","Animation is not at a current format version (is at 1.10.0)",,"/resource_packs/rp/animations/jon.animation.json",
COMJSON,1128,"Info","","Animation is not at a current format version (is at 1.10.0)",,"/resource_packs/rp/animations/murderfur.animation.json",
COMJSON,1128,"Info","","Animation is not at a current format version (is at 1.10.0)",,"/resource_packs/rp/animations/notexture.animation.json",
COMJSON,1128,"Info","","Animation is not at a current format version (is at 1.10.0)",,"/resource_packs/rp/animations/nothing_watcher.animation.json",
COMJSON,1128,"Info","","Animation is not at a current format version (is at 1.10.0)",,"/resource_packs/rp/animations/obliteration2.animation.json",
COMJSON,1128,"Info","","Animation is not at a current format version (is at 1.10.0)",,"/resource_packs/rp/animations/plush.animation.json",
COMJSON,1128,"Info","","Animation is not at a current format version (is at 1.10.0)",,"/resource_packs/rp/animations/ram2die.animation.json",
COMJSON,1128,"Info","","Animation is not at a current format version (is at 1.10.0)",,"/resource_packs/rp/animations/revuxor.animation.json",
COMJSON,1128,"Info","","Animation is not at a current format version (is at 1.10.0)",,"/resource_packs/rp/animations/sub_anom_2.animation.json",
COMJSON,1128,"Info","","Animation is not at a current format version (is at 1.10.0)",,"/resource_packs/rp/animations/tbe_ambush.animation.json",
COMJSON,1128,"Info","","Animation is not at a current format version (is at 1.10.0)",,"/resource_packs/rp/animations/tbe_overhaulv4.animation.json",
COMJSON,1128,"Info","","Animation is not at a current format version (is at 1.10.0)",,"/resource_packs/rp/animations/tentacle_swipe.json",
COMJSON,1128,"Info","","Animation is not at a current format version (is at 1.10.0)",,"/resource_packs/rp/animations/tentacle_swipe_only.json",
COMJSON,1128,"Info","","Animation is not at a current format version (is at 1.10.0)",,"/resource_packs/rp/animations/tether.animation.json",
COMJSON,1128,"Info","","Animation is not at a current format version (is at 1.10.0)",,"/resource_packs/rp/animations/triangle.animation.json",
COMJSON,1128,"Info","","Animation is not at a current format version (is at 1.10.0)",,"/resource_packs/rp/animations/void_tentacle.animation.json",
CPACKICON,1,"Test success","","Pack Icon completed successfully",,"",
CPARTI,1,"Test success","","Particle Identifiers completed successfully",,"",
CROSSREFINDEX,2,"Unknown","","No applicable items found for test Cross-Reference Index (CROSSREFINDEX)",,"",
CSPJ,1,"Test success","","Skin Pack Validation completed successfully",,"",
CWI,1,"Test success","","World Icons completed successfully",,"",
ENTITYTYPE,1,"Test success","","Entity Type completed successfully",,"",
ENTITYTYPE,120,"Recommendation","","Behavior pack entity type format version (1.21.0) has a lower minor version number compared to the current version or the previous current minor version",,"/behavior_packs/bp/entities/circuit_cave_painting.json",
ENTITYTYPE,130,"Recommendation","","Behavior pack entity type format version (1.26.40) has a lower patch version number compared to current version",,"/behavior_packs/bp/entities/ban.json",
ENTITYTYPE,130,"Recommendation","","Behavior pack entity type format version (1.26.40) has a lower patch version number compared to current version",,"/behavior_packs/bp/entities/chord.json",
ENTITYTYPE,130,"Recommendation","","Behavior pack entity type format version (1.26.40) has a lower patch version number compared to current version",,"/behavior_packs/bp/entities/chord_projectile.json",
ENTITYTYPE,130,"Recommendation","","Behavior pack entity type format version (1.26.40) has a lower patch version number compared to current version",,"/behavior_packs/bp/entities/chunk_remover.json",
ENTITYTYPE,130,"Recommendation","","Behavior pack entity type format version (1.26.40) has a lower patch version number compared to current version",,"/behavior_packs/bp/entities/circuit.json",
ENTITYTYPE,130,"Recommendation","","Behavior pack entity type format version (1.26.40) has a lower patch version number compared to current version",,"/behavior_packs/bp/entities/circuit_mineshaft_flee.json",
ENTITYTYPE,130,"Recommendation","","Behavior pack entity type format version (1.26.40) has a lower patch version number compared to current version",,"/behavior_packs/bp/entities/circuit_mineshaft_stare.json",
ENTITYTYPE,130,"Recommendation","","Behavior pack entity type format version (1.26.40) has a lower patch version number compared to current version",,"/behavior_packs/bp/entities/circuit_mineshaft_walk.json",
ENTITYTYPE,130,"Recommendation","","Behavior pack entity type format version (1.26.40) has a lower patch version number compared to current version",,"/behavior_packs/bp/entities/circuit_stalk.json",
ENTITYTYPE,130,"Recommendation","","Behavior pack entity type format version (1.26.40) has a lower patch version number compared to current version",,"/behavior_packs/bp/entities/circuit_stare.json",
ENTITYTYPE,130,"Recommendation","","Behavior pack entity type format version (1.26.40) has a lower patch version number compared to current version",,"/behavior_packs/bp/entities/corruption.json",
ENTITYTYPE,130,"Recommendation","","Behavior pack entity type format version (1.26.40) has a lower patch version number compared to current version",,"/behavior_packs/bp/entities/curved.json",
ENTITYTYPE,130,"Recommendation","","Behavior pack entity type format version (1.26.40) has a lower patch version number compared to current version",,"/behavior_packs/bp/entities/deceiver.json",
ENTITYTYPE,130,"Recommendation","","Behavior pack entity type format version (1.26.40) has a lower patch version number compared to current version",,"/behavior_packs/bp/entities/eerie_noise.json",
ENTITYTYPE,130,"Recommendation","","Behavior pack entity type format version (1.26.40) has a lower patch version number compared to current version",,"/behavior_packs/bp/entities/faraway.json",
ENTITYTYPE,130,"Recommendation","","Behavior pack entity type format version (1.26.40) has a lower patch version number compared to current version",,"/behavior_packs/bp/entities/fever.json",
ENTITYTYPE,130,"Recommendation","","Behavior pack entity type format version (1.26.40) has a lower patch version number compared to current version",,"/behavior_packs/bp/entities/fever_stalk.json",
ENTITYTYPE,130,"Recommendation","","Behavior pack entity type format version (1.26.40) has a lower patch version number compared to current version",,"/behavior_packs/bp/entities/follow.json",
ENTITYTYPE,130,"Recommendation","","Behavior pack entity type format version (1.26.40) has a lower patch version number compared to current version",,"/behavior_packs/bp/entities/fractured.json",
ENTITYTYPE,130,"Recommendation","","Behavior pack entity type format version (1.26.40) has a lower patch version number compared to current version",,"/behavior_packs/bp/entities/fractured_roam.json",
ENTITYTYPE,130,"Recommendation","","Behavior pack entity type format version (1.26.40) has a lower patch version number compared to current version",,"/behavior_packs/bp/entities/he.json",
ENTITYTYPE,130,"Recommendation","","Behavior pack entity type format version (1.26.40) has a lower patch version number compared to current version",,"/behavior_packs/bp/entities/he_chase.json",
ENTITYTYPE,130,"Recommendation","","Behavior pack entity type format version (1.26.40) has a lower patch version number compared to current version",,"/behavior_packs/bp/entities/he_hallucination.json",
ENTITYTYPE,130,"Recommendation","","Behavior pack entity type format version (1.26.40) has a lower patch version number compared to current version",,"/behavior_packs/bp/entities/herobrine.json",
ENTITYTYPE,130,"Recommendation","","Behavior pack entity type format version (1.26.40) has a lower patch version number compared to current version",,"/behavior_packs/bp/entities/hetzer.json",
ENTITYTYPE,130,"Recommendation","","Behavior pack entity type format version (1.26.40) has a lower patch version number compared to current version",,"/behavior_packs/bp/entities/integ_fireball.json",
ENTITYTYPE,130,"Recommendation","","Behavior pack entity type format version (1.26.40) has a lower patch version number compared to current version",,"/behavior_packs/bp/entities/integrity_arm.json",
ENTITYTYPE,130,"Recommendation","","Behavior pack entity type format version (1.26.40) has a lower patch version number compared to current version",,"/behavior_packs/bp/entities/integrity_curious.json",
ENTITYTYPE,130,"Recommendation","","Behavior pack entity type format version (1.26.40) has a lower patch version number compared to current version",,"/behavior_packs/bp/entities/integrity_phase_1.json",
ENTITYTYPE,130,"Recommendation","","Behavior pack entity type format version (1.26.40) has a lower patch version number compared to current version",,"/behavior_packs/bp/entities/integrity_phase_2.json",
ENTITYTYPE,130,"Recommendation","","Behavior pack entity type format version (1.26.40) has a lower patch version number compared to current version",,"/behavior_packs/bp/entities/integrity_phase_3.json",
ENTITYTYPE,130,"Recommendation","","Behavior pack entity type format version (1.26.40) has a lower patch version number compared to current version",,"/behavior_packs/bp/entities/jon.json",
ENTITYTYPE,130,"Recommendation","","Behavior pack entity type format version (1.26.40) has a lower patch version number compared to current version",,"/behavior_packs/bp/entities/maze_shadows.json",
ENTITYTYPE,130,"Recommendation","","Behavior pack entity type format version (1.26.40) has a lower patch version number compared to current version",,"/behavior_packs/bp/entities/murderfur.json",
ENTITYTYPE,130,"Recommendation","","Behavior pack entity type format version (1.26.40) has a lower patch version number compared to current version",,"/behavior_packs/bp/entities/name_tag.json",
ENTITYTYPE,130,"Recommendation","","Behavior pack entity type format version (1.26.40) has a lower patch version number compared to current version",,"/behavior_packs/bp/entities/niw.json",
ENTITYTYPE,130,"Recommendation","","Behavior pack entity type format version (1.26.40) has a lower patch version number compared to current version",,"/behavior_packs/bp/entities/nothing_watcher.json",
ENTITYTYPE,130,"Recommendation","","Behavior pack entity type format version (1.26.40) has a lower patch version number compared to current version",,"/behavior_packs/bp/entities/nothingiswatchingchase.json",
ENTITYTYPE,130,"Recommendation","","Behavior pack entity type format version (1.26.40) has a lower patch version number compared to current version",,"/behavior_packs/bp/entities/null_chase.json",
ENTITYTYPE,130,"Recommendation","","Behavior pack entity type format version (1.26.40) has a lower patch version number compared to current version",,"/behavior_packs/bp/entities/null_cod.json",
ENTITYTYPE,130,"Recommendation","","Behavior pack entity type format version (1.26.40) has a lower patch version number compared to current version",,"/behavior_packs/bp/entities/null_endgame.json",
ENTITYTYPE,130,"Recommendation","","Behavior pack entity type format version (1.26.40) has a lower patch version number compared to current version",,"/behavior_packs/bp/entities/null_flying.json",
ENTITYTYPE,130,"Recommendation","","Behavior pack entity type format version (1.26.40) has a lower patch version number compared to current version",,"/behavior_packs/bp/entities/null_invade_base.json",
ENTITYTYPE,130,"Recommendation","","Behavior pack entity type format version (1.26.40) has a lower patch version number compared to current version",,"/behavior_packs/bp/entities/null_is_here.json",
ENTITYTYPE,130,"Recommendation","","Behavior pack entity type format version (1.26.40) has a lower patch version number compared to current version",,"/behavior_packs/bp/entities/null_maze.json",
ENTITYTYPE,130,"Recommendation","","Behavior pack entity type format version (1.26.40) has a lower patch version number compared to current version",,"/behavior_packs/bp/entities/null_mining.json",
ENTITYTYPE,130,"Recommendation","","Behavior pack entity type format version (1.26.40) has a lower patch version number compared to current version",,"/behavior_packs/bp/entities/null_scare.json",
ENTITYTYPE,130,"Recommendation","","Behavior pack entity type format version (1.26.40) has a lower patch version number compared to current version",,"/behavior_packs/bp/entities/null_unbeatable_bossfight.json",
ENTITYTYPE,130,"Recommendation","","Behavior pack entity type format version (1.26.40) has a lower patch version number compared to current version",,"/behavior_packs/bp/entities/null_watching.json",
ENTITYTYPE,130,"Recommendation","","Behavior pack entity type format version (1.26.40) has a lower patch version number compared to current version",,"/behavior_packs/bp/entities/nulll.json",
ENTITYTYPE,130,"Recommendation","","Behavior pack entity type format version (1.26.40) has a lower patch version number compared to current version",,"/behavior_packs/bp/entities/phantom_player.json",
ENTITYTYPE,130,"Recommendation","","Behavior pack entity type format version (1.26.40) has a lower patch version number compared to current version",,"/behavior_packs/bp/entities/rock.json",
ENTITYTYPE,130,"Recommendation","","Behavior pack entity type format version (1.26.40) has a lower patch version number compared to current version",,"/behavior_packs/bp/entities/siluet.json",
ENTITYTYPE,130,"Recommendation","","Behavior pack entity type format version (1.26.40) has a lower patch version number compared to current version",,"/behavior_packs/bp/entities/siluet_chase.json",
ENTITYTYPE,130,"Recommendation","","Behavior pack entity type format version (1.26.40) has a lower patch version number compared to current version",,"/behavior_packs/bp/entities/siluet_hallucination.json",
ENTITYTYPE,130,"Recommendation","","Behavior pack entity type format version (1.26.40) has a lower patch version number compared to current version",,"/behavior_packs/bp/entities/siluet_stare.json",
ENTITYTYPE,130,"Recommendation","","Behavior pack entity type format version (1.26.40) has a lower patch version number compared to current version",,"/behavior_packs/bp/entities/stare.json",
ENTITYTYPE,130,"Recommendation","","Behavior pack entity type format version (1.26.40) has a lower patch version number compared to current version",,"/behavior_packs/bp/entities/sub_anomaly_1.json",
ENTITYTYPE,130,"Recommendation","","Behavior pack entity type format version (1.26.40) has a lower patch version number compared to current version",,"/behavior_packs/bp/entities/sub_anomaly_2.json",
ENTITYTYPE,130,"Recommendation","","Behavior pack entity type format version (1.26.40) has a lower patch version number compared to current version",,"/behavior_packs/bp/entities/tether.json",
ENTITYTYPE,130,"Recommendation","","Behavior pack entity type format version (1.26.40) has a lower patch version number compared to current version",,"/behavior_packs/bp/entities/the_broken_end.json",
ENTITYTYPE,130,"Recommendation","","Behavior pack entity type format version (1.26.40) has a lower patch version number compared to current version",,"/behavior_packs/bp/entities/the_broken_end_ambush.json",
ENTITYTYPE,130,"Recommendation","","Behavior pack entity type format version (1.26.40) has a lower patch version number compared to current version",,"/behavior_packs/bp/entities/the_broken_end_curious.json",
ENTITYTYPE,130,"Recommendation","","Behavior pack entity type format version (1.26.40) has a lower patch version number compared to current version",,"/behavior_packs/bp/entities/the_broken_end_stalk.json",
ENTITYTYPE,130,"Recommendation","","Behavior pack entity type format version (1.26.40) has a lower patch version number compared to current version",,"/behavior_packs/bp/entities/the_obliteration.json",
ENTITYTYPE,130,"Recommendation","","Behavior pack entity type format version (1.26.40) has a lower patch version number compared to current version",,"/behavior_packs/bp/entities/the_obliteration_2.json",
ENTITYTYPE,130,"Recommendation","","Behavior pack entity type format version (1.26.40) has a lower patch version number compared to current version",,"/behavior_packs/bp/entities/void_tentacle.json",
ENTITYTYPE,130,"Recommendation","","Behavior pack entity type format version (1.26.40) has a lower patch version number compared to current version",,"/behavior_packs/bp/entities/xxram_2die.json",
EXPFLAG,2,"Unknown","","No applicable items found for test Experimental Flags (EXPFLAG)",,"",
FORBFILE,1,"Test success","","Forbidden Files completed successfully",,"",
FORMATVER,1,"Test success","","Format Version completed successfully",,"",
FORMATVER,120,"Recommendation","","Block type version (1.26.40) has a lower patch version number compared to the expected version (1.26.50)",,"/behavior_packs/bp/blocks/a_flower.json",
FORMATVER,120,"Recommendation","","Block type version (1.26.40) has a lower patch version number compared to the expected version (1.26.50)",,"/behavior_packs/bp/blocks/all_dead.json",
FORMATVER,120,"Recommendation","","Block type version (1.26.40) has a lower patch version number compared to the expected version (1.26.50)",,"/behavior_packs/bp/blocks/bennie_plush_block.json",
FORMATVER,120,"Recommendation","","Block type version (1.26.40) has a lower patch version number compared to the expected version (1.26.50)",,"/behavior_packs/bp/blocks/berry_plush_block.json",
FORMATVER,120,"Recommendation","","Block type version (1.26.40) has a lower patch version number compared to the expected version (1.26.50)",,"/behavior_packs/bp/blocks/block_is_missing_id.json",
FORMATVER,120,"Recommendation","","Block type version (1.26.40) has a lower patch version number compared to the expected version (1.26.50)",,"/behavior_packs/bp/blocks/border_block.json",
FORMATVER,120,"Recommendation","","Block type version (1.26.40) has a lower patch version number compared to the expected version (1.26.50)",,"/behavior_packs/bp/blocks/ceiling_light.json",
FORMATVER,120,"Recommendation","","Block type version (1.26.40) has a lower patch version number compared to the expected version (1.26.50)",,"/behavior_packs/bp/blocks/ceiling_tile.json",
FORMATVER,120,"Recommendation","","Block type version (1.26.40) has a lower patch version number compared to the expected version (1.26.50)",,"/behavior_packs/bp/blocks/chiseled_moon_stone_bricks.json",
FORMATVER,120,"Recommendation","","Block type version (1.26.40) has a lower patch version number compared to the expected version (1.26.50)",,"/behavior_packs/bp/blocks/cobblestone_border_block.json",
FORMATVER,120,"Recommendation","","Block type version (1.26.40) has a lower patch version number compared to the expected version (1.26.50)",,"/behavior_packs/bp/blocks/command.json",
FORMATVER,120,"Recommendation","","Block type version (1.26.40) has a lower patch version number compared to the expected version (1.26.50)",,"/behavior_packs/bp/blocks/command_block_giver.json",
FORMATVER,120,"Recommendation","","Block type version (1.26.40) has a lower patch version number compared to the expected version (1.26.50)",,"/behavior_packs/bp/blocks/concrete.json",
FORMATVER,120,"Recommendation","","Block type version (1.26.40) has a lower patch version number compared to the expected version (1.26.50)",,"/behavior_packs/bp/blocks/corrupted_moon_stone_bricks.json",
FORMATVER,120,"Recommendation","","Block type version (1.26.40) has a lower patch version number compared to the expected version (1.26.50)",,"/behavior_packs/bp/blocks/decomposed_semiotics.json",
FORMATVER,120,"Recommendation","","Block type version (1.26.40) has a lower patch version number compared to the expected version (1.26.50)",,"/behavior_packs/bp/blocks/deviation.json",
FORMATVER,120,"Recommendation","","Block type version (1.26.40) has a lower patch version number compared to the expected version (1.26.50)",,"/behavior_packs/bp/blocks/dirt_border_block.json",
FORMATVER,120,"Recommendation","","Block type version (1.26.40) has a lower patch version number compared to the expected version (1.26.50)",,"/behavior_packs/bp/blocks/disruption.json",
FORMATVER,120,"Recommendation","","Block type version (1.26.40) has a lower patch version number compared to the expected version (1.26.50)",,"/behavior_packs/bp/blocks/dominik_plush_block.json",
FORMATVER,120,"Recommendation","","Block type version (1.26.40) has a lower patch version number compared to the expected version (1.26.50)",,"/behavior_packs/bp/blocks/ebridger_plush_block.json",
FORMATVER,120,"Recommendation","","Block type version (1.26.40) has a lower patch version number compared to the expected version (1.26.50)",,"/behavior_packs/bp/blocks/elderly_plush_block.json",
FORMATVER,120,"Recommendation","","Block type version (1.26.40) has a lower patch version number compared to the expected version (1.26.50)",,"/behavior_packs/bp/blocks/eldritch_plush_block.json",
FORMATVER,120,"Recommendation","","Block type version (1.26.40) has a lower patch version number compared to the expected version (1.26.50)",,"/behavior_packs/bp/blocks/empty.json",
FORMATVER,120,"Recommendation","","Block type version (1.26.40) has a lower patch version number compared to the expected version (1.26.50)",,"/behavior_packs/bp/blocks/exit.json",
FORMATVER,120,"Recommendation","","Block type version (1.26.40) has a lower patch version number compared to the expected version (1.26.50)",,"/behavior_packs/bp/blocks/eyae_plush_block.json",
FORMATVER,120,"Recommendation","","Block type version (1.26.40) has a lower patch version number compared to the expected version (1.26.50)",,"/behavior_packs/bp/blocks/flesh.json",
FORMATVER,120,"Recommendation","","Block type version (1.26.40) has a lower patch version number compared to the expected version (1.26.50)",,"/behavior_packs/bp/blocks/garreth_plush_block.json",
FORMATVER,120,"Recommendation","","Block type version (1.26.40) has a lower patch version number compared to the expected version (1.26.50)",,"/behavior_packs/bp/blocks/glass_border_block.json",
FORMATVER,120,"Recommendation","","Block type version (1.26.40) has a lower patch version number compared to the expected version (1.26.50)",,"/behavior_packs/bp/blocks/hello.json",
FORMATVER,120,"Recommendation","","Block type version (1.26.40) has a lower patch version number compared to the expected version (1.26.50)",,"/behavior_packs/bp/blocks/hermit_plush_block.json",
FORMATVER,120,"Recommendation","","Block type version (1.26.40) has a lower patch version number compared to the expected version (1.26.50)",,"/behavior_packs/bp/blocks/initiator.json",
FORMATVER,120,"Recommendation","","Block type version (1.26.40) has a lower patch version number compared to the expected version (1.26.50)",,"/behavior_packs/bp/blocks/int.json",
FORMATVER,120,"Recommendation","","Block type version (1.26.40) has a lower patch version number compared to the expected version (1.26.50)",,"/behavior_packs/bp/blocks/intense_projection.json",
FORMATVER,120,"Recommendation","","Block type version (1.26.40) has a lower patch version number compared to the expected version (1.26.50)",,"/behavior_packs/bp/blocks/it.json",
FORMATVER,120,"Recommendation","","Block type version (1.26.40) has a lower patch version number compared to the expected version (1.26.50)",,"/behavior_packs/bp/blocks/jd_plush_block.json",
FORMATVER,120,"Recommendation","","Block type version (1.26.40) has a lower patch version number compared to the expected version (1.26.50)",,"/behavior_packs/bp/blocks/jim_trigger_1.json",
FORMATVER,120,"Recommendation","","Block type version (1.26.40) has a lower patch version number compared to the expected version (1.26.50)",,"/behavior_packs/bp/blocks/jim_trigger_2.json",
FORMATVER,120,"Recommendation","","Block type version (1.26.40) has a lower patch version number compared to the expected version (1.26.50)",,"/behavior_packs/bp/blocks/jim_trigger_3.json",
FORMATVER,120,"Recommendation","","Block type version (1.26.40) has a lower patch version number compared to the expected version (1.26.50)",,"/behavior_packs/bp/blocks/jim_trigger_4.json",
FORMATVER,120,"Recommendation","","Block type version (1.26.40) has a lower patch version number compared to the expected version (1.26.50)",,"/behavior_packs/bp/blocks/lily_of_the_abyss.json",
FORMATVER,120,"Recommendation","","Block type version (1.26.40) has a lower patch version number compared to the expected version (1.26.50)",,"/behavior_packs/bp/blocks/limbo.json",
FORMATVER,120,"Recommendation","","Block type version (1.26.40) has a lower patch version number compared to the expected version (1.26.50)",,"/behavior_packs/bp/blocks/lost_plush_block.json",
FORMATVER,120,"Recommendation","","Block type version (1.26.40) has a lower patch version number compared to the expected version (1.26.50)",,"/behavior_packs/bp/blocks/lovemist_plush_block.json",
FORMATVER,120,"Recommendation","","Block type version (1.26.40) has a lower patch version number compared to the expected version (1.26.50)",,"/behavior_packs/bp/blocks/mc_plush_block.json",
FORMATVER,120,"Recommendation","","Block type version (1.26.40) has a lower patch version number compared to the expected version (1.26.50)",,"/behavior_packs/bp/blocks/moist_carpet.json",
FORMATVER,120,"Recommendation","","Block type version (1.26.40) has a lower patch version number compared to the expected version (1.26.50)",,"/behavior_packs/bp/blocks/moji_plush_block.json",
FORMATVER,120,"Recommendation","","Block type version (1.26.40) has a lower patch version number compared to the expected version (1.26.50)",,"/behavior_packs/bp/blocks/mono_library.json",
FORMATVER,120,"Recommendation","","Block type version (1.26.40) has a lower patch version number compared to the expected version (1.26.50)",,"/behavior_packs/bp/blocks/mono_planks.json",
FORMATVER,120,"Recommendation","","Block type version (1.26.40) has a lower patch version number compared to the expected version (1.26.50)",,"/behavior_packs/bp/blocks/mono_slab.json",
FORMATVER,120,"Recommendation","","Block type version (1.26.40) has a lower patch version number compared to the expected version (1.26.50)",,"/behavior_packs/bp/blocks/mono_stairs.json",
FORMATVER,120,"Recommendation","","Block type version (1.26.40) has a lower patch version number compared to the expected version (1.26.50)",,"/behavior_packs/bp/blocks/moon_stone.json",
FORMATVER,120,"Recommendation","","Block type version (1.26.40) has a lower patch version number compared to the expected version (1.26.50)",,"/behavior_packs/bp/blocks/moon_stone_brick_slab.json",
FORMATVER,120,"Recommendation","","Block type version (1.26.40) has a lower patch version number compared to the expected version (1.26.50)",,"/behavior_packs/bp/blocks/moon_stone_brick_stairs.json",
FORMATVER,120,"Recommendation","","Block type version (1.26.40) has a lower patch version number compared to the expected version (1.26.50)",,"/behavior_packs/bp/blocks/moon_stone_brick_wall.json",
FORMATVER,120,"Recommendation","","Block type version (1.26.40) has a lower patch version number compared to the expected version (1.26.50)",,"/behavior_packs/bp/blocks/moon_stone_bricks.json",
FORMATVER,120,"Recommendation","","Block type version (1.26.40) has a lower patch version number compared to the expected version (1.26.50)",,"/behavior_packs/bp/blocks/nahbro_plush_block.json",
FORMATVER,120,"Recommendation","","Block type version (1.26.40) has a lower patch version number compared to the expected version (1.26.50)",,"/behavior_packs/bp/blocks/name_missing.json",
FORMATVER,120,"Recommendation","","Block type version (1.26.40) has a lower patch version number compared to the expected version (1.26.50)",,"/behavior_packs/bp/blocks/necrosis.json",
FORMATVER,120,"Recommendation","","Block type version (1.26.40) has a lower patch version number compared to the expected version (1.26.50)",,"/behavior_packs/bp/blocks/new_vein.json",
FORMATVER,120,"Recommendation","","Block type version (1.26.40) has a lower patch version number compared to the expected version (1.26.50)",,"/behavior_packs/bp/blocks/nothing.json",
FORMATVER,120,"Recommendation","","Block type version (1.26.40) has a lower patch version number compared to the expected version (1.26.50)",,"/behavior_packs/bp/blocks/nowhere_block.json",
FORMATVER,120,"Recommendation","","Block type version (1.26.40) has a lower patch version number compared to the expected version (1.26.50)",,"/behavior_packs/bp/blocks/null_structure.json",
FORMATVER,120,"Recommendation","","Block type version (1.26.40) has a lower patch version number compared to the expected version (1.26.50)",,"/behavior_packs/bp/blocks/obsidian.json",
FORMATVER,120,"Recommendation","","Block type version (1.26.40) has a lower patch version number compared to the expected version (1.26.50)",,"/behavior_packs/bp/blocks/oldblock.json",
FORMATVER,120,"Recommendation","","Block type version (1.26.40) has a lower patch version number compared to the expected version (1.26.50)",,"/behavior_packs/bp/blocks/physical_stacktrace.json",
FORMATVER,120,"Recommendation","","Block type version (1.26.40) has a lower patch version number compared to the expected version (1.26.50)",,"/behavior_packs/bp/blocks/polished_moon_stone.json",
FORMATVER,120,"Recommendation","","Block type version (1.26.40) has a lower patch version number compared to the expected version (1.26.50)",,"/behavior_packs/bp/blocks/polished_moon_stone_slab.json",
FORMATVER,120,"Recommendation","","Block type version (1.26.40) has a lower patch version number compared to the expected version (1.26.50)",,"/behavior_packs/bp/blocks/polished_moon_stone_stairs.json",
FORMATVER,120,"Recommendation","","Block type version (1.26.40) has a lower patch version number compared to the expected version (1.26.50)",,"/behavior_packs/bp/blocks/polished_moon_stone_wall.json",
FORMATVER,120,"Recommendation","","Block type version (1.26.40) has a lower patch version number compared to the expected version (1.26.50)",,"/behavior_packs/bp/blocks/portal_controller.json",
FORMATVER,120,"Recommendation","","Block type version (1.26.40) has a lower patch version number compared to the expected version (1.26.50)",,"/behavior_packs/bp/blocks/portal_extender.json",
FORMATVER,120,"Recommendation","","Block type version (1.26.40) has a lower patch version number compared to the expected version (1.26.50)",,"/behavior_packs/bp/blocks/potted_lily_of_the_abyss.json",
FORMATVER,120,"Recommendation","","Block type version (1.26.40) has a lower patch version number compared to the expected version (1.26.50)",,"/behavior_packs/bp/blocks/potted_void_bell.json",
FORMATVER,120,"Recommendation","","Block type version (1.26.40) has a lower patch version number compared to the expected version (1.26.50)",,"/behavior_packs/bp/blocks/potted_void_cap.json",
FORMATVER,120,"Recommendation","","Block type version (1.26.40) has a lower patch version number compared to the expected version (1.26.50)",,"/behavior_packs/bp/blocks/potted_void_shroom.json",
FORMATVER,120,"Recommendation","","Block type version (1.26.40) has a lower patch version number compared to the expected version (1.26.50)",,"/behavior_packs/bp/blocks/protected_void.json",
FORMATVER,120,"Recommendation","","Block type version (1.26.40) has a lower patch version number compared to the expected version (1.26.50)",,"/behavior_packs/bp/blocks/protected_void_fence.json",
FORMATVER,120,"Recommendation","","Block type version (1.26.40) has a lower patch version number compared to the expected version (1.26.50)",,"/behavior_packs/bp/blocks/protected_void_light.json",
FORMATVER,120,"Recommendation","","Block type version (1.26.40) has a lower patch version number compared to the expected version (1.26.50)",,"/behavior_packs/bp/blocks/protected_void_slab.json",
FORMATVER,120,"Recommendation","","Block type version (1.26.40) has a lower patch version number compared to the expected version (1.26.50)",,"/behavior_packs/bp/blocks/protected_void_stairs.json",
FORMATVER,120,"Recommendation","","Block type version (1.26.40) has a lower patch version number compared to the expected version (1.26.50)",,"/behavior_packs/bp/blocks/protected_void_wall.json",
FORMATVER,120,"Recommendation","","Block type version (1.26.40) has a lower patch version number compared to the expected version (1.26.50)",,"/behavior_packs/bp/blocks/pyrit_plush_block.json",
FORMATVER,120,"Recommendation","","Block type version (1.26.40) has a lower patch version number compared to the expected version (1.26.50)",,"/behavior_packs/bp/blocks/r_3.json",
FORMATVER,120,"Recommendation","","Block type version (1.26.40) has a lower patch version number compared to the expected version (1.26.50)",,"/behavior_packs/bp/blocks/raevant_plush_block.json",
FORMATVER,120,"Recommendation","","Block type version (1.26.40) has a lower patch version number compared to the expected version (1.26.50)",,"/behavior_packs/bp/blocks/rdh_plush_block.json",
FORMATVER,120,"Recommendation","","Block type version (1.26.40) has a lower patch version number compared to the expected version (1.26.50)",,"/behavior_packs/bp/blocks/red_ceiling_light.json",
FORMATVER,120,"Recommendation","","Block type version (1.26.40) has a lower patch version number compared to the expected version (1.26.50)",,"/behavior_packs/bp/blocks/red_ceiling_tile.json",
FORMATVER,120,"Recommendation","","Block type version (1.26.40) has a lower patch version number compared to the expected version (1.26.50)",,"/behavior_packs/bp/blocks/red_moist_carpet.json",
FORMATVER,120,"Recommendation","","Block type version (1.26.40) has a lower patch version number compared to the expected version (1.26.50)",,"/behavior_packs/bp/blocks/red_ugly_wallpaper.json",
FORMATVER,120,"Recommendation","","Block type version (1.26.40) has a lower patch version number compared to the expected version (1.26.50)",,"/behavior_packs/bp/blocks/redstone_plush_block.json",
FORMATVER,120,"Recommendation","","Block type version (1.26.40) has a lower patch version number compared to the expected version (1.26.50)",,"/behavior_packs/bp/blocks/shadow_bug.json",
FORMATVER,120,"Recommendation","","Block type version (1.26.40) has a lower patch version number compared to the expected version (1.26.50)",,"/behavior_packs/bp/blocks/shadow_plush_block.json",
FORMATVER,120,"Recommendation","","Block type version (1.26.40) has a lower patch version number compared to the expected version (1.26.50)",,"/behavior_packs/bp/blocks/sideways_cobblestone_stairs.json",
FORMATVER,120,"Recommendation","","Block type version (1.26.40) has a lower patch version number compared to the expected version (1.26.50)",,"/behavior_packs/bp/blocks/sideways_fence.json",
FORMATVER,120,"Recommendation","","Block type version (1.26.40) has a lower patch version number compared to the expected version (1.26.50)",,"/behavior_packs/bp/blocks/sideways_furnace.json",
FORMATVER,120,"Recommendation","","Block type version (1.26.40) has a lower patch version number compared to the expected version (1.26.50)",,"/behavior_packs/bp/blocks/sideways_pane.json",
FORMATVER,120,"Recommendation","","Block type version (1.26.40) has a lower patch version number compared to the expected version (1.26.50)",,"/behavior_packs/bp/blocks/skie_plush_block.json",
FORMATVER,120,"Recommendation","","Block type version (1.26.40) has a lower patch version number compared to the expected version (1.26.50)",,"/behavior_packs/bp/blocks/smooth_stone_vertical_slab.json",
FORMATVER,120,"Recommendation","","Block type version (1.26.40) has a lower patch version number compared to the expected version (1.26.50)",,"/behavior_packs/bp/blocks/spruce_wood_slab.json",
FORMATVER,120,"Recommendation","","Block type version (1.26.40) has a lower patch version number compared to the expected version (1.26.50)",,"/behavior_packs/bp/blocks/stevelocks_plush_block.json",
FORMATVER,120,"Recommendation","","Block type version (1.26.40) has a lower patch version number compared to the expected version (1.26.50)",,"/behavior_packs/bp/blocks/stone_border_block.json",
FORMATVER,120,"Recommendation","","Block type version (1.26.40) has a lower patch version number compared to the expected version (1.26.50)",,"/behavior_packs/bp/blocks/stone_slab_border_block.json",
FORMATVER,120,"Recommendation","","Block type version (1.26.40) has a lower patch version number compared to the expected version (1.26.50)",,"/behavior_packs/bp/blocks/teeth.json",
FORMATVER,120,"Recommendation","","Block type version (1.26.40) has a lower patch version number compared to the expected version (1.26.50)",,"/behavior_packs/bp/blocks/tekkit_plush_block.json",
FORMATVER,120,"Recommendation","","Block type version (1.26.40) has a lower patch version number compared to the expected version (1.26.50)",,"/behavior_packs/bp/blocks/ud_oak_door.json",
FORMATVER,120,"Recommendation","","Block type version (1.26.40) has a lower patch version number compared to the expected version (1.26.50)",,"/behavior_packs/bp/blocks/ugly_wallpaper.json",
FORMATVER,120,"Recommendation","","Block type version (1.26.40) has a lower patch version number compared to the expected version (1.26.50)",,"/behavior_packs/bp/blocks/viscera.json",
FORMATVER,120,"Recommendation","","Block type version (1.26.40) has a lower patch version number compared to the expected version (1.26.50)",,"/behavior_packs/bp/blocks/void_bell.json",
FORMATVER,120,"Recommendation","","Block type version (1.26.40) has a lower patch version number compared to the expected version (1.26.50)",,"/behavior_packs/bp/blocks/void_bloom.json",
FORMATVER,120,"Recommendation","","Block type version (1.26.40) has a lower patch version number compared to the expected version (1.26.50)",,"/behavior_packs/bp/blocks/void_blossom.json",
FORMATVER,120,"Recommendation","","Block type version (1.26.40) has a lower patch version number compared to the expected version (1.26.50)",,"/behavior_packs/bp/blocks/void_bud.json",
FORMATVER,120,"Recommendation","","Block type version (1.26.40) has a lower patch version number compared to the expected version (1.26.50)",,"/behavior_packs/bp/blocks/void_budding.json",
FORMATVER,120,"Recommendation","","Block type version (1.26.40) has a lower patch version number compared to the expected version (1.26.50)",,"/behavior_packs/bp/blocks/void_bush.json",
FORMATVER,120,"Recommendation","","Block type version (1.26.40) has a lower patch version number compared to the expected version (1.26.50)",,"/behavior_packs/bp/blocks/void_cap.json",
FORMATVER,120,"Recommendation","","Block type version (1.26.40) has a lower patch version number compared to the expected version (1.26.50)",,"/behavior_packs/bp/blocks/void_door.json",
FORMATVER,120,"Recommendation","","Block type version (1.26.40) has a lower patch version number compared to the expected version (1.26.50)",,"/behavior_packs/bp/blocks/void_goop_flow.json",
FORMATVER,120,"Recommendation","","Block type version (1.26.40) has a lower patch version number compared to the expected version (1.26.50)",,"/behavior_packs/bp/blocks/void_goop_still.json",
FORMATVER,120,"Recommendation","","Block type version (1.26.40) has a lower patch version number compared to the expected version (1.26.50)",,"/behavior_packs/bp/blocks/void_grass.json",
FORMATVER,120,"Recommendation","","Block type version (1.26.40) has a lower patch version number compared to the expected version (1.26.50)",,"/behavior_packs/bp/blocks/void_log.json",
FORMATVER,120,"Recommendation","","Block type version (1.26.40) has a lower patch version number compared to the expected version (1.26.50)",,"/behavior_packs/bp/blocks/void_log_door.json",
FORMATVER,120,"Recommendation","","Block type version (1.26.40) has a lower patch version number compared to the expected version (1.26.50)",,"/behavior_packs/bp/blocks/void_plank_door.json",
FORMATVER,120,"Recommendation","","Block type version (1.26.40) has a lower patch version number compared to the expected version (1.26.50)",,"/behavior_packs/bp/blocks/void_plank_slab.json",
FORMATVER,120,"Recommendation","","Block type version (1.26.40) has a lower patch version number compared to the expected version (1.26.50)",,"/behavior_packs/bp/blocks/void_plank_stairs.json",
FORMATVER,120,"Recommendation","","Block type version (1.26.40) has a lower patch version number compared to the expected version (1.26.50)",,"/behavior_packs/bp/blocks/void_planks.json",
FORMATVER,120,"Recommendation","","Block type version (1.26.40) has a lower patch version number compared to the expected version (1.26.50)",,"/behavior_packs/bp/blocks/void_root.json",
FORMATVER,120,"Recommendation","","Block type version (1.26.40) has a lower patch version number compared to the expected version (1.26.50)",,"/behavior_packs/bp/blocks/void_roots.json",
FORMATVER,120,"Recommendation","","Block type version (1.26.40) has a lower patch version number compared to the expected version (1.26.50)",,"/behavior_packs/bp/blocks/void_shroom.json",
FORMATVER,120,"Recommendation","","Block type version (1.26.40) has a lower patch version number compared to the expected version (1.26.50)",,"/behavior_packs/bp/blocks/void_sprout.json",
FORMATVER,120,"Recommendation","","Block type version (1.26.40) has a lower patch version number compared to the expected version (1.26.50)",,"/behavior_packs/bp/blocks/void_template_1.json",
FORMATVER,120,"Recommendation","","Block type version (1.26.40) has a lower patch version number compared to the expected version (1.26.50)",,"/behavior_packs/bp/blocks/void_template_10.json",
FORMATVER,120,"Recommendation","","Block type version (1.26.40) has a lower patch version number compared to the expected version (1.26.50)",,"/behavior_packs/bp/blocks/void_template_11.json",
FORMATVER,120,"Recommendation","","Block type version (1.26.40) has a lower patch version number compared to the expected version (1.26.50)",,"/behavior_packs/bp/blocks/void_template_12.json",
FORMATVER,120,"Recommendation","","Block type version (1.26.40) has a lower patch version number compared to the expected version (1.26.50)",,"/behavior_packs/bp/blocks/void_template_13.json",
FORMATVER,120,"Recommendation","","Block type version (1.26.40) has a lower patch version number compared to the expected version (1.26.50)",,"/behavior_packs/bp/blocks/void_template_14.json",
FORMATVER,120,"Recommendation","","Block type version (1.26.40) has a lower patch version number compared to the expected version (1.26.50)",,"/behavior_packs/bp/blocks/void_template_15.json",
FORMATVER,120,"Recommendation","","Block type version (1.26.40) has a lower patch version number compared to the expected version (1.26.50)",,"/behavior_packs/bp/blocks/void_template_16.json",
FORMATVER,120,"Recommendation","","Block type version (1.26.40) has a lower patch version number compared to the expected version (1.26.50)",,"/behavior_packs/bp/blocks/void_template_2.json",
FORMATVER,120,"Recommendation","","Block type version (1.26.40) has a lower patch version number compared to the expected version (1.26.50)",,"/behavior_packs/bp/blocks/void_template_3.json",
FORMATVER,120,"Recommendation","","Block type version (1.26.40) has a lower patch version number compared to the expected version (1.26.50)",,"/behavior_packs/bp/blocks/void_template_4.json",
FORMATVER,120,"Recommendation","","Block type version (1.26.40) has a lower patch version number compared to the expected version (1.26.50)",,"/behavior_packs/bp/blocks/void_template_5.json",
FORMATVER,120,"Recommendation","","Block type version (1.26.40) has a lower patch version number compared to the expected version (1.26.50)",,"/behavior_packs/bp/blocks/void_template_6.json",
FORMATVER,120,"Recommendation","","Block type version (1.26.40) has a lower patch version number compared to the expected version (1.26.50)",,"/behavior_packs/bp/blocks/void_template_7.json",
FORMATVER,120,"Recommendation","","Block type version (1.26.40) has a lower patch version number compared to the expected version (1.26.50)",,"/behavior_packs/bp/blocks/void_template_8.json",
FORMATVER,120,"Recommendation","","Block type version (1.26.40) has a lower patch version number compared to the expected version (1.26.50)",,"/behavior_packs/bp/blocks/void_template_9.json",
FORMATVER,120,"Recommendation","","Block type version (1.26.40) has a lower patch version number compared to the expected version (1.26.50)",,"/behavior_packs/bp/blocks/void_vine.json",
FORMATVER,120,"Recommendation","","Block type version (1.26.40) has a lower patch version number compared to the expected version (1.26.50)",,"/behavior_packs/bp/blocks/void_wood.json",
FORMATVER,120,"Recommendation","","Block type version (1.26.40) has a lower patch version number compared to the expected version (1.26.50)",,"/behavior_packs/bp/blocks/void_wood_trapdoor.json",
FORMATVER,120,"Recommendation","","Block type version (1.26.40) has a lower patch version number compared to the expected version (1.26.50)",,"/behavior_packs/bp/blocks/wendigo_plush_block.json",
FORMATVER,120,"Recommendation","","Block type version (1.26.40) has a lower patch version number compared to the expected version (1.26.50)",,"/behavior_packs/bp/blocks/white.json",
FORMATVER,120,"Recommendation","","Block type version (1.26.40) has a lower patch version number compared to the expected version (1.26.50)",,"/behavior_packs/bp/blocks/yharim_plush_block.json",
FORMATVER,120,"Recommendation","","Block type version (1.26.40) has a lower patch version number compared to the expected version (1.26.50)",,"/behavior_packs/bp/blocks/zetos_plush_block.json",
FORMATVER,140,"Recommendation","","Item type version (1.26.40) has a lower patch version number compared to the expected version (1.26.50)",,"/behavior_packs/bp/items/attribute_mutilation.json",
FORMATVER,140,"Recommendation","","Item type version (1.26.40) has a lower patch version number compared to the expected version (1.26.50)",,"/behavior_packs/bp/items/bennie_cod.json",
FORMATVER,140,"Recommendation","","Item type version (1.26.40) has a lower patch version number compared to the expected version (1.26.50)",,"/behavior_packs/bp/items/bennie_plush.json",
FORMATVER,140,"Recommendation","","Item type version (1.26.40) has a lower patch version number compared to the expected version (1.26.50)",,"/behavior_packs/bp/items/berry_plush.json",
FORMATVER,140,"Recommendation","","Item type version (1.26.40) has a lower patch version number compared to the expected version (1.26.50)",,"/behavior_packs/bp/items/book.json",
FORMATVER,140,"Recommendation","","Item type version (1.26.40) has a lower patch version number compared to the expected version (1.26.50)",,"/behavior_packs/bp/items/circuit_bread.json",
FORMATVER,140,"Recommendation","","Item type version (1.26.40) has a lower patch version number compared to the expected version (1.26.50)",,"/behavior_packs/bp/items/circuit_cave_painting.json",
FORMATVER,140,"Recommendation","","Item type version (1.26.40) has a lower patch version number compared to the expected version (1.26.50)",,"/behavior_packs/bp/items/corrupt_ebridger_cod.json",
FORMATVER,140,"Recommendation","","Item type version (1.26.40) has a lower patch version number compared to the expected version (1.26.50)",,"/behavior_packs/bp/items/credits.json",
FORMATVER,140,"Recommendation","","Item type version (1.26.40) has a lower patch version number compared to the expected version (1.26.50)",,"/behavior_packs/bp/items/desyncer.json",
FORMATVER,140,"Recommendation","","Item type version (1.26.40) has a lower patch version number compared to the expected version (1.26.50)",,"/behavior_packs/bp/items/dominik_cod.json",
FORMATVER,140,"Recommendation","","Item type version (1.26.40) has a lower patch version number compared to the expected version (1.26.50)",,"/behavior_packs/bp/items/dominik_plush.json",
FORMATVER,140,"Recommendation","","Item type version (1.26.40) has a lower patch version number compared to the expected version (1.26.50)",,"/behavior_packs/bp/items/ebridger_cod.json",
FORMATVER,140,"Recommendation","","Item type version (1.26.40) has a lower patch version number compared to the expected version (1.26.50)",,"/behavior_packs/bp/items/ebridger_plush.json",
FORMATVER,140,"Recommendation","","Item type version (1.26.40) has a lower patch version number compared to the expected version (1.26.50)",,"/behavior_packs/bp/items/elderly_plush.json",
FORMATVER,140,"Recommendation","","Item type version (1.26.40) has a lower patch version number compared to the expected version (1.26.50)",,"/behavior_packs/bp/items/eldritch_cod.json",
FORMATVER,140,"Recommendation","","Item type version (1.26.40) has a lower patch version number compared to the expected version (1.26.50)",,"/behavior_packs/bp/items/eldritch_plush.json",
FORMATVER,140,"Recommendation","","Item type version (1.26.40) has a lower patch version number compared to the expected version (1.26.50)",,"/behavior_packs/bp/items/evil_codstone_cod.json",
FORMATVER,140,"Recommendation","","Item type version (1.26.40) has a lower patch version number compared to the expected version (1.26.50)",,"/behavior_packs/bp/items/eyae_cod.json",
FORMATVER,140,"Recommendation","","Item type version (1.26.40) has a lower patch version number compared to the expected version (1.26.50)",,"/behavior_packs/bp/items/eyae_plush.json",
FORMATVER,140,"Recommendation","","Item type version (1.26.40) has a lower patch version number compared to the expected version (1.26.50)",,"/behavior_packs/bp/items/faraway_salmon.json",
FORMATVER,140,"Recommendation","","Item type version (1.26.40) has a lower patch version number compared to the expected version (1.26.50)",,"/behavior_packs/bp/items/garreth_cod.json",
FORMATVER,140,"Recommendation","","Item type version (1.26.40) has a lower patch version number compared to the expected version (1.26.50)",,"/behavior_packs/bp/items/garreth_plush.json",
FORMATVER,140,"Recommendation","","Item type version (1.26.40) has a lower patch version number compared to the expected version (1.26.50)",,"/behavior_packs/bp/items/glaggle.json",
FORMATVER,140,"Recommendation","","Item type version (1.26.40) has a lower patch version number compared to the expected version (1.26.50)",,"/behavior_packs/bp/items/gore.json",
FORMATVER,140,"Recommendation","","Item type version (1.26.40) has a lower patch version number compared to the expected version (1.26.50)",,"/behavior_packs/bp/items/hand_cannon.json",
FORMATVER,140,"Recommendation","","Item type version (1.26.40) has a lower patch version number compared to the expected version (1.26.50)",,"/behavior_packs/bp/items/hermit_plush.json",
FORMATVER,140,"Recommendation","","Item type version (1.26.40) has a lower patch version number compared to the expected version (1.26.50)",,"/behavior_packs/bp/items/instability.json",
FORMATVER,140,"Recommendation","","Item type version (1.26.40) has a lower patch version number compared to the expected version (1.26.50)",,"/behavior_packs/bp/items/instability_music_box.json",
FORMATVER,140,"Recommendation","","Item type version (1.26.40) has a lower patch version number compared to the expected version (1.26.50)",,"/behavior_packs/bp/items/instabilityv2.json",
FORMATVER,140,"Recommendation","","Item type version (1.26.40) has a lower patch version number compared to the expected version (1.26.50)",,"/behavior_packs/bp/items/instabilityv3.json",
FORMATVER,140,"Recommendation","","Item type version (1.26.40) has a lower patch version number compared to the expected version (1.26.50)",,"/behavior_packs/bp/items/integrity_fireball.json",
FORMATVER,140,"Recommendation","","Item type version (1.26.40) has a lower patch version number compared to the expected version (1.26.50)",,"/behavior_packs/bp/items/jd_cod.json",
FORMATVER,140,"Recommendation","","Item type version (1.26.40) has a lower patch version number compared to the expected version (1.26.50)",,"/behavior_packs/bp/items/jd_plush.json",
FORMATVER,140,"Recommendation","","Item type version (1.26.40) has a lower patch version number compared to the expected version (1.26.50)",,"/behavior_packs/bp/items/lilly.json",
FORMATVER,140,"Recommendation","","Item type version (1.26.40) has a lower patch version number compared to the expected version (1.26.50)",,"/behavior_packs/bp/items/lilly_v2.json",
FORMATVER,140,"Recommendation","","Item type version (1.26.40) has a lower patch version number compared to the expected version (1.26.50)",,"/behavior_packs/bp/items/lost_need_cod.json",
FORMATVER,140,"Recommendation","","Item type version (1.26.40) has a lower patch version number compared to the expected version (1.26.50)",,"/behavior_packs/bp/items/lost_plush.json",
FORMATVER,140,"Recommendation","","Item type version (1.26.40) has a lower patch version number compared to the expected version (1.26.50)",,"/behavior_packs/bp/items/lovemist_plush.json",
FORMATVER,140,"Recommendation","","Item type version (1.26.40) has a lower patch version number compared to the expected version (1.26.50)",,"/behavior_packs/bp/items/mc_plush.json",
FORMATVER,140,"Recommendation","","Item type version (1.26.40) has a lower patch version number compared to the expected version (1.26.50)",,"/behavior_packs/bp/items/moji_plush.json",
FORMATVER,140,"Recommendation","","Item type version (1.26.40) has a lower patch version number compared to the expected version (1.26.50)",,"/behavior_packs/bp/items/n.json",
FORMATVER,140,"Recommendation","","Item type version (1.26.40) has a lower patch version number compared to the expected version (1.26.50)",,"/behavior_packs/bp/items/nahbro_plush.json",
FORMATVER,140,"Recommendation","","Item type version (1.26.40) has a lower patch version number compared to the expected version (1.26.50)",,"/behavior_packs/bp/items/null.json",
FORMATVER,140,"Recommendation","","Item type version (1.26.40) has a lower patch version number compared to the expected version (1.26.50)",,"/behavior_packs/bp/items/null_bread.json",
FORMATVER,140,"Recommendation","","Item type version (1.26.40) has a lower patch version number compared to the expected version (1.26.50)",,"/behavior_packs/bp/items/null_cod.json",
FORMATVER,140,"Recommendation","","Item type version (1.26.40) has a lower patch version number compared to the expected version (1.26.50)",,"/behavior_packs/bp/items/pencil_cod.json",
FORMATVER,140,"Recommendation","","Item type version (1.26.40) has a lower patch version number compared to the expected version (1.26.50)",,"/behavior_packs/bp/items/piece_1.json",
FORMATVER,140,"Recommendation","","Item type version (1.26.40) has a lower patch version number compared to the expected version (1.26.50)",,"/behavior_packs/bp/items/piece_2.json",
FORMATVER,140,"Recommendation","","Item type version (1.26.40) has a lower patch version number compared to the expected version (1.26.50)",,"/behavior_packs/bp/items/piece_3.json",
FORMATVER,140,"Recommendation","","Item type version (1.26.40) has a lower patch version number compared to the expected version (1.26.50)",,"/behavior_packs/bp/items/piece_4.json",
FORMATVER,140,"Recommendation","","Item type version (1.26.40) has a lower patch version number compared to the expected version (1.26.50)",,"/behavior_packs/bp/items/piece_5.json",
FORMATVER,140,"Recommendation","","Item type version (1.26.40) has a lower patch version number compared to the expected version (1.26.50)",,"/behavior_packs/bp/items/polaroid.json",
FORMATVER,140,"Recommendation","","Item type version (1.26.40) has a lower patch version number compared to the expected version (1.26.50)",,"/behavior_packs/bp/items/polaroid_frame.json",
FORMATVER,140,"Recommendation","","Item type version (1.26.40) has a lower patch version number compared to the expected version (1.26.50)",,"/behavior_packs/bp/items/portal_linker.json",
FORMATVER,140,"Recommendation","","Item type version (1.26.40) has a lower patch version number compared to the expected version (1.26.50)",,"/behavior_packs/bp/items/pyrit_plush.json",
FORMATVER,140,"Recommendation","","Item type version (1.26.40) has a lower patch version number compared to the expected version (1.26.50)",,"/behavior_packs/bp/items/raevant_plush.json",
FORMATVER,140,"Recommendation","","Item type version (1.26.40) has a lower patch version number compared to the expected version (1.26.50)",,"/behavior_packs/bp/items/rdh_plush.json",
FORMATVER,140,"Recommendation","","Item type version (1.26.40) has a lower patch version number compared to the expected version (1.26.50)",,"/behavior_packs/bp/items/record_14.json",
FORMATVER,140,"Recommendation","","Item type version (1.26.40) has a lower patch version number compared to the expected version (1.26.50)",,"/behavior_packs/bp/items/record_15.json",
FORMATVER,140,"Recommendation","","Item type version (1.26.40) has a lower patch version number compared to the expected version (1.26.50)",,"/behavior_packs/bp/items/record_16.json",
FORMATVER,140,"Recommendation","","Item type version (1.26.40) has a lower patch version number compared to the expected version (1.26.50)",,"/behavior_packs/bp/items/record_17.json",
FORMATVER,140,"Recommendation","","Item type version (1.26.40) has a lower patch version number compared to the expected version (1.26.50)",,"/behavior_packs/bp/items/redstone_cod.json",
FORMATVER,140,"Recommendation","","Item type version (1.26.40) has a lower patch version number compared to the expected version (1.26.50)",,"/behavior_packs/bp/items/redstone_plush.json",
FORMATVER,140,"Recommendation","","Item type version (1.26.40) has a lower patch version number compared to the expected version (1.26.50)",,"/behavior_packs/bp/items/revuxorfish.json",
FORMATVER,140,"Recommendation","","Item type version (1.26.40) has a lower patch version number compared to the expected version (1.26.50)",,"/behavior_packs/bp/items/shadow_plush.json",
FORMATVER,140,"Recommendation","","Item type version (1.26.40) has a lower patch version number compared to the expected version (1.26.50)",,"/behavior_packs/bp/items/shadowmaster_cod.json",
FORMATVER,140,"Recommendation","","Item type version (1.26.40) has a lower patch version number compared to the expected version (1.26.50)",,"/behavior_packs/bp/items/skie_plush.json",
FORMATVER,140,"Recommendation","","Item type version (1.26.40) has a lower patch version number compared to the expected version (1.26.50)",,"/behavior_packs/bp/items/stevelocks_plush.json",
FORMATVER,140,"Recommendation","","Item type version (1.26.40) has a lower patch version number compared to the expected version (1.26.50)",,"/behavior_packs/bp/items/tekkit_cod.json",
FORMATVER,140,"Recommendation","","Item type version (1.26.40) has a lower patch version number compared to the expected version (1.26.50)",,"/behavior_packs/bp/items/tekkit_plush.json",
FORMATVER,140,"Recommendation","","Item type version (1.26.40) has a lower patch version number compared to the expected version (1.26.50)",,"/behavior_packs/bp/items/torn_paper.json",
FORMATVER,140,"Recommendation","","Item type version (1.26.40) has a lower patch version number compared to the expected version (1.26.50)",,"/behavior_packs/bp/items/v1_cod.json",
FORMATVER,140,"Recommendation","","Item type version (1.26.40) has a lower patch version number compared to the expected version (1.26.50)",,"/behavior_packs/bp/items/v2_cod.json",
FORMATVER,140,"Recommendation","","Item type version (1.26.40) has a lower patch version number compared to the expected version (1.26.50)",,"/behavior_packs/bp/items/void_liquid_bucket.json",
FORMATVER,140,"Recommendation","","Item type version (1.26.40) has a lower patch version number compared to the expected version (1.26.50)",,"/behavior_packs/bp/items/wendigo_plush.json",
FORMATVER,140,"Recommendation","","Item type version (1.26.40) has a lower patch version number compared to the expected version (1.26.50)",,"/behavior_packs/bp/items/yharim_plush.json",
FORMATVER,140,"Recommendation","","Item type version (1.26.40) has a lower patch version number compared to the expected version (1.26.50)",,"/behavior_packs/bp/items/zetos_cod.json",
FORMATVER,140,"Recommendation","","Item type version (1.26.40) has a lower patch version number compared to the expected version (1.26.50)",,"/behavior_packs/bp/items/zetos_plush.json",
FORMATVER,160,"Recommendation","","Recipe version (1.26.40) has a lower patch version number compared to the expected version (1.26.50)",,"/behavior_packs/bp/recipes/brickmooncut_chiseled_moonstone.json",
FORMATVER,160,"Recommendation","","Recipe version (1.26.40) has a lower patch version number compared to the expected version (1.26.50)",,"/behavior_packs/bp/recipes/chainmail_boots.json",
FORMATVER,160,"Recommendation","","Recipe version (1.26.40) has a lower patch version number compared to the expected version (1.26.50)",,"/behavior_packs/bp/recipes/chainmail_chestplate.json",
FORMATVER,160,"Recommendation","","Recipe version (1.26.40) has a lower patch version number compared to the expected version (1.26.50)",,"/behavior_packs/bp/recipes/chainmail_helmet.json",
FORMATVER,160,"Recommendation","","Recipe version (1.26.40) has a lower patch version number compared to the expected version (1.26.50)",,"/behavior_packs/bp/recipes/chainmail_leggings.json",
FORMATVER,160,"Recommendation","","Recipe version (1.26.40) has a lower patch version number compared to the expected version (1.26.50)",,"/behavior_packs/bp/recipes/corrupted_moonstone_bricks.json",
FORMATVER,160,"Recommendation","","Recipe version (1.26.40) has a lower patch version number compared to the expected version (1.26.50)",,"/behavior_packs/bp/recipes/instabilityv2.json",
FORMATVER,160,"Recommendation","","Recipe version (1.26.40) has a lower patch version number compared to the expected version (1.26.50)",,"/behavior_packs/bp/recipes/moonstone_bricks_to_slabs.json",
FORMATVER,160,"Recommendation","","Recipe version (1.26.40) has a lower patch version number compared to the expected version (1.26.50)",,"/behavior_packs/bp/recipes/moonstone_to_polished.json",
FORMATVER,160,"Recommendation","","Recipe version (1.26.40) has a lower patch version number compared to the expected version (1.26.50)",,"/behavior_packs/bp/recipes/moonstonebrcikcut_to_wall.json",
FORMATVER,160,"Recommendation","","Recipe version (1.26.40) has a lower patch version number compared to the expected version (1.26.50)",,"/behavior_packs/bp/recipes/moonstonebrick_to_stair.json",
FORMATVER,160,"Recommendation","","Recipe version (1.26.40) has a lower patch version number compared to the expected version (1.26.50)",,"/behavior_packs/bp/recipes/moonstonebrick_to_wall.json",
FORMATVER,160,"Recommendation","","Recipe version (1.26.40) has a lower patch version number compared to the expected version (1.26.50)",,"/behavior_packs/bp/recipes/moonstonebrickcut_to_brickslabs.json",
FORMATVER,160,"Recommendation","","Recipe version (1.26.40) has a lower patch version number compared to the expected version (1.26.50)",,"/behavior_packs/bp/recipes/moonstonebrickcut_to_brickstairs.json",
FORMATVER,160,"Recommendation","","Recipe version (1.26.40) has a lower patch version number compared to the expected version (1.26.50)",,"/behavior_packs/bp/recipes/moonstonecut_to_bricks.json",
FORMATVER,160,"Recommendation","","Recipe version (1.26.40) has a lower patch version number compared to the expected version (1.26.50)",,"/behavior_packs/bp/recipes/moonstonecut_to_brickslabs.json",
FORMATVER,160,"Recommendation","","Recipe version (1.26.40) has a lower patch version number compared to the expected version (1.26.50)",,"/behavior_packs/bp/recipes/moonstonecut_to_brickstairs.json",
FORMATVER,160,"Recommendation","","Recipe version (1.26.40) has a lower patch version number compared to the expected version (1.26.50)",,"/behavior_packs/bp/recipes/moonstonecut_to_polished.json",
FORMATVER,160,"Recommendation","","Recipe version (1.26.40) has a lower patch version number compared to the expected version (1.26.50)",,"/behavior_packs/bp/recipes/moonstonecut_to_polishslabs.json",
FORMATVER,160,"Recommendation","","Recipe version (1.26.40) has a lower patch version number compared to the expected version (1.26.50)",,"/behavior_packs/bp/recipes/moonstonecut_to_polishstairs.json",
FORMATVER,160,"Recommendation","","Recipe version (1.26.40) has a lower patch version number compared to the expected version (1.26.50)",,"/behavior_packs/bp/recipes/moonstonecut_to_polishwall.json",
FORMATVER,160,"Recommendation","","Recipe version (1.26.40) has a lower patch version number compared to the expected version (1.26.50)",,"/behavior_packs/bp/recipes/moonstonecut_to_wall.json",
FORMATVER,160,"Recommendation","","Recipe version (1.26.40) has a lower patch version number compared to the expected version (1.26.50)",,"/behavior_packs/bp/recipes/notch_apple.json",
FORMATVER,160,"Recommendation","","Recipe version (1.26.40) has a lower patch version number compared to the expected version (1.26.50)",,"/behavior_packs/bp/recipes/plainmooncut_chiseled_moonstone.json",
FORMATVER,160,"Recommendation","","Recipe version (1.26.40) has a lower patch version number compared to the expected version (1.26.50)",,"/behavior_packs/bp/recipes/polaroid.json",
FORMATVER,160,"Recommendation","","Recipe version (1.26.40) has a lower patch version number compared to the expected version (1.26.50)",,"/behavior_packs/bp/recipes/polished_moonstone_to_slabs.json",
FORMATVER,160,"Recommendation","","Recipe version (1.26.40) has a lower patch version number compared to the expected version (1.26.50)",,"/behavior_packs/bp/recipes/polishedmoonstone_to_bricks.json",
FORMATVER,160,"Recommendation","","Recipe version (1.26.40) has a lower patch version number compared to the expected version (1.26.50)",,"/behavior_packs/bp/recipes/polishedmoonstone_to_polishedstairs.json",
FORMATVER,160,"Recommendation","","Recipe version (1.26.40) has a lower patch version number compared to the expected version (1.26.50)",,"/behavior_packs/bp/recipes/polishedmoonstone_to_stair.json",
FORMATVER,160,"Recommendation","","Recipe version (1.26.40) has a lower patch version number compared to the expected version (1.26.50)",,"/behavior_packs/bp/recipes/polishedmoonstone_to_wall.json",
FORMATVER,160,"Recommendation","","Recipe version (1.26.40) has a lower patch version number compared to the expected version (1.26.50)",,"/behavior_packs/bp/recipes/polishmoonstonecut_to_polishslabs.json",
FORMATVER,160,"Recommendation","","Recipe version (1.26.40) has a lower patch version number compared to the expected version (1.26.50)",,"/behavior_packs/bp/recipes/polishmoonstonecut_to_wall.json",
FORMATVER,160,"Recommendation","","Recipe version (1.26.40) has a lower patch version number compared to the expected version (1.26.50)",,"/behavior_packs/bp/recipes/slabbed_chiseled_moonstone.json",
FORMATVER,160,"Recommendation","","Recipe version (1.26.40) has a lower patch version number compared to the expected version (1.26.50)",,"/behavior_packs/bp/recipes/void_log_door.json",
FORMATVER,160,"Recommendation","","Recipe version (1.26.40) has a lower patch version number compared to the expected version (1.26.50)",,"/behavior_packs/bp/recipes/void_plank_door.json",
FORMATVER,160,"Recommendation","","Recipe version (1.26.40) has a lower patch version number compared to the expected version (1.26.50)",,"/behavior_packs/bp/recipes/void_plank_stairs.json",
FORMATVER,160,"Recommendation","","Recipe version (1.26.40) has a lower patch version number compared to the expected version (1.26.50)",,"/behavior_packs/bp/recipes/void_planks_from_log.json",
FORMATVER,160,"Recommendation","","Recipe version (1.26.40) has a lower patch version number compared to the expected version (1.26.50)",,"/behavior_packs/bp/recipes/void_planks_from_wood.json",
FORMATVER,160,"Recommendation","","Recipe version (1.26.40) has a lower patch version number compared to the expected version (1.26.50)",,"/behavior_packs/bp/recipes/void_slabs_from_planks.json",
FORMATVER,160,"Recommendation","","Recipe version (1.26.40) has a lower patch version number compared to the expected version (1.26.50)",,"/behavior_packs/bp/recipes/void_wood_from_log.json",
FORMATVER,216,"Recommendation","","Resource animation version (1.8.0) has a lower minor version number compared to the expected version (1.10.0) or its previous minor version",,"/resource_packs/rp/animations/chord_projectile.animation.json",
FORMATVER,296,"Recommendation","","Entity type resource version (1.10.0) has a lower minor version number compared to the expected version (1.26.50) or its previous minor version",,"/resource_packs/rp/entity/circuit_cave_painting.entity.json",
FORMATVER,300,"Recommendation","","Entity type resource version (1.26.40) has a lower patch version number compared to the expected version (1.26.50)",,"/resource_packs/rp/entity/ban.entity.json",
FORMATVER,300,"Recommendation","","Entity type resource version (1.26.40) has a lower patch version number compared to the expected version (1.26.50)",,"/resource_packs/rp/entity/chord.entity.json",
FORMATVER,300,"Recommendation","","Entity type resource version (1.26.40) has a lower patch version number compared to the expected version (1.26.50)",,"/resource_packs/rp/entity/chord_projectile.entity.json",
FORMATVER,300,"Recommendation","","Entity type resource version (1.26.40) has a lower patch version number compared to the expected version (1.26.50)",,"/resource_packs/rp/entity/chunk_remover.entity.json",
FORMATVER,300,"Recommendation","","Entity type resource version (1.26.40) has a lower patch version number compared to the expected version (1.26.50)",,"/resource_packs/rp/entity/circuit.entity.json",
FORMATVER,300,"Recommendation","","Entity type resource version (1.26.40) has a lower patch version number compared to the expected version (1.26.50)",,"/resource_packs/rp/entity/circuit_mineshaft_flee.entity.json",
FORMATVER,300,"Recommendation","","Entity type resource version (1.26.40) has a lower patch version number compared to the expected version (1.26.50)",,"/resource_packs/rp/entity/circuit_mineshaft_stare.entity.json",
FORMATVER,300,"Recommendation","","Entity type resource version (1.26.40) has a lower patch version number compared to the expected version (1.26.50)",,"/resource_packs/rp/entity/circuit_mineshaft_walk.entity.json",
FORMATVER,300,"Recommendation","","Entity type resource version (1.26.40) has a lower patch version number compared to the expected version (1.26.50)",,"/resource_packs/rp/entity/circuit_stalk.entity.json",
FORMATVER,300,"Recommendation","","Entity type resource version (1.26.40) has a lower patch version number compared to the expected version (1.26.50)",,"/resource_packs/rp/entity/circuit_stare.entity.json",
FORMATVER,300,"Recommendation","","Entity type resource version (1.26.40) has a lower patch version number compared to the expected version (1.26.50)",,"/resource_packs/rp/entity/corruption.entity.json",
FORMATVER,300,"Recommendation","","Entity type resource version (1.26.40) has a lower patch version number compared to the expected version (1.26.50)",,"/resource_packs/rp/entity/curved.entity.json",
FORMATVER,300,"Recommendation","","Entity type resource version (1.26.40) has a lower patch version number compared to the expected version (1.26.50)",,"/resource_packs/rp/entity/deceiver.entity.json",
FORMATVER,300,"Recommendation","","Entity type resource version (1.26.40) has a lower patch version number compared to the expected version (1.26.50)",,"/resource_packs/rp/entity/eerie_noise.entity.json",
FORMATVER,300,"Recommendation","","Entity type resource version (1.26.40) has a lower patch version number compared to the expected version (1.26.50)",,"/resource_packs/rp/entity/faraway.entity.json",
FORMATVER,300,"Recommendation","","Entity type resource version (1.26.40) has a lower patch version number compared to the expected version (1.26.50)",,"/resource_packs/rp/entity/fever.entity.json",
FORMATVER,300,"Recommendation","","Entity type resource version (1.26.40) has a lower patch version number compared to the expected version (1.26.50)",,"/resource_packs/rp/entity/fever_stalk.entity.json",
FORMATVER,300,"Recommendation","","Entity type resource version (1.26.40) has a lower patch version number compared to the expected version (1.26.50)",,"/resource_packs/rp/entity/follow.entity.json",
FORMATVER,300,"Recommendation","","Entity type resource version (1.26.40) has a lower patch version number compared to the expected version (1.26.50)",,"/resource_packs/rp/entity/fractured.entity.json",
FORMATVER,300,"Recommendation","","Entity type resource version (1.26.40) has a lower patch version number compared to the expected version (1.26.50)",,"/resource_packs/rp/entity/fractured_roam.entity.json",
FORMATVER,300,"Recommendation","","Entity type resource version (1.26.40) has a lower patch version number compared to the expected version (1.26.50)",,"/resource_packs/rp/entity/he.entity.json",
FORMATVER,300,"Recommendation","","Entity type resource version (1.26.40) has a lower patch version number compared to the expected version (1.26.50)",,"/resource_packs/rp/entity/he_chase.entity.json",
FORMATVER,300,"Recommendation","","Entity type resource version (1.26.40) has a lower patch version number compared to the expected version (1.26.50)",,"/resource_packs/rp/entity/he_hallucination.entity.json",
FORMATVER,300,"Recommendation","","Entity type resource version (1.26.40) has a lower patch version number compared to the expected version (1.26.50)",,"/resource_packs/rp/entity/herobrine.entity.json",
FORMATVER,300,"Recommendation","","Entity type resource version (1.26.40) has a lower patch version number compared to the expected version (1.26.50)",,"/resource_packs/rp/entity/hetzer.entity.json",
FORMATVER,300,"Recommendation","","Entity type resource version (1.26.40) has a lower patch version number compared to the expected version (1.26.50)",,"/resource_packs/rp/entity/integ_fireball.entity.json",
FORMATVER,300,"Recommendation","","Entity type resource version (1.26.40) has a lower patch version number compared to the expected version (1.26.50)",,"/resource_packs/rp/entity/integrity_arm.entity.json",
FORMATVER,300,"Recommendation","","Entity type resource version (1.26.40) has a lower patch version number compared to the expected version (1.26.50)",,"/resource_packs/rp/entity/integrity_curious.entity.json",
FORMATVER,300,"Recommendation","","Entity type resource version (1.26.40) has a lower patch version number compared to the expected version (1.26.50)",,"/resource_packs/rp/entity/integrity_phase_1.entity.json",
FORMATVER,300,"Recommendation","","Entity type resource version (1.26.40) has a lower patch version number compared to the expected version (1.26.50)",,"/resource_packs/rp/entity/integrity_phase_2.entity.json",
FORMATVER,300,"Recommendation","","Entity type resource version (1.26.40) has a lower patch version number compared to the expected version (1.26.50)",,"/resource_packs/rp/entity/integrity_phase_3.entity.json",
FORMATVER,300,"Recommendation","","Entity type resource version (1.26.40) has a lower patch version number compared to the expected version (1.26.50)",,"/resource_packs/rp/entity/jon.entity.json",
FORMATVER,300,"Recommendation","","Entity type resource version (1.26.40) has a lower patch version number compared to the expected version (1.26.50)",,"/resource_packs/rp/entity/maze_shadows.entity.json",
FORMATVER,300,"Recommendation","","Entity type resource version (1.26.40) has a lower patch version number compared to the expected version (1.26.50)",,"/resource_packs/rp/entity/murderfur.entity.json",
FORMATVER,300,"Recommendation","","Entity type resource version (1.26.40) has a lower patch version number compared to the expected version (1.26.50)",,"/resource_packs/rp/entity/name_tag.entity.json",
FORMATVER,300,"Recommendation","","Entity type resource version (1.26.40) has a lower patch version number compared to the expected version (1.26.50)",,"/resource_packs/rp/entity/niw.entity.json",
FORMATVER,300,"Recommendation","","Entity type resource version (1.26.40) has a lower patch version number compared to the expected version (1.26.50)",,"/resource_packs/rp/entity/nothing_watcher.entity.json",
FORMATVER,300,"Recommendation","","Entity type resource version (1.26.40) has a lower patch version number compared to the expected version (1.26.50)",,"/resource_packs/rp/entity/nothingiswatchingchase.entity.json",
FORMATVER,300,"Recommendation","","Entity type resource version (1.26.40) has a lower patch version number compared to the expected version (1.26.50)",,"/resource_packs/rp/entity/null_chase.entity.json",
FORMATVER,300,"Recommendation","","Entity type resource version (1.26.40) has a lower patch version number compared to the expected version (1.26.50)",,"/resource_packs/rp/entity/null_cod.entity.json",
FORMATVER,300,"Recommendation","","Entity type resource version (1.26.40) has a lower patch version number compared to the expected version (1.26.50)",,"/resource_packs/rp/entity/null_endgame.entity.json",
FORMATVER,300,"Recommendation","","Entity type resource version (1.26.40) has a lower patch version number compared to the expected version (1.26.50)",,"/resource_packs/rp/entity/null_flying.entity.json",
FORMATVER,300,"Recommendation","","Entity type resource version (1.26.40) has a lower patch version number compared to the expected version (1.26.50)",,"/resource_packs/rp/entity/null_invade_base.entity.json",
FORMATVER,300,"Recommendation","","Entity type resource version (1.26.40) has a lower patch version number compared to the expected version (1.26.50)",,"/resource_packs/rp/entity/null_is_here.entity.json",
FORMATVER,300,"Recommendation","","Entity type resource version (1.26.40) has a lower patch version number compared to the expected version (1.26.50)",,"/resource_packs/rp/entity/null_maze.entity.json",
FORMATVER,300,"Recommendation","","Entity type resource version (1.26.40) has a lower patch version number compared to the expected version (1.26.50)",,"/resource_packs/rp/entity/null_mining.entity.json",
FORMATVER,300,"Recommendation","","Entity type resource version (1.26.40) has a lower patch version number compared to the expected version (1.26.50)",,"/resource_packs/rp/entity/null_scare.entity.json",
FORMATVER,300,"Recommendation","","Entity type resource version (1.26.40) has a lower patch version number compared to the expected version (1.26.50)",,"/resource_packs/rp/entity/null_unbeatable_bossfight.entity.json",
FORMATVER,300,"Recommendation","","Entity type resource version (1.26.40) has a lower patch version number compared to the expected version (1.26.50)",,"/resource_packs/rp/entity/null_watching.entity.json",
FORMATVER,300,"Recommendation","","Entity type resource version (1.26.40) has a lower patch version number compared to the expected version (1.26.50)",,"/resource_packs/rp/entity/nulll.entity.json",
FORMATVER,300,"Recommendation","","Entity type resource version (1.26.40) has a lower patch version number compared to the expected version (1.26.50)",,"/resource_packs/rp/entity/phantom_player.entity.json",
FORMATVER,300,"Recommendation","","Entity type resource version (1.26.40) has a lower patch version number compared to the expected version (1.26.50)",,"/resource_packs/rp/entity/rock.entity.json",
FORMATVER,300,"Recommendation","","Entity type resource version (1.26.40) has a lower patch version number compared to the expected version (1.26.50)",,"/resource_packs/rp/entity/siluet.entity.json",
FORMATVER,300,"Recommendation","","Entity type resource version (1.26.40) has a lower patch version number compared to the expected version (1.26.50)",,"/resource_packs/rp/entity/siluet_chase.entity.json",
FORMATVER,300,"Recommendation","","Entity type resource version (1.26.40) has a lower patch version number compared to the expected version (1.26.50)",,"/resource_packs/rp/entity/siluet_hallucination.entity.json",
FORMATVER,300,"Recommendation","","Entity type resource version (1.26.40) has a lower patch version number compared to the expected version (1.26.50)",,"/resource_packs/rp/entity/siluet_stare.entity.json",
FORMATVER,300,"Recommendation","","Entity type resource version (1.26.40) has a lower patch version number compared to the expected version (1.26.50)",,"/resource_packs/rp/entity/stare.entity.json",
FORMATVER,300,"Recommendation","","Entity type resource version (1.26.40) has a lower patch version number compared to the expected version (1.26.50)",,"/resource_packs/rp/entity/sub_anomaly_1.entity.json",
FORMATVER,300,"Recommendation","","Entity type resource version (1.26.40) has a lower patch version number compared to the expected version (1.26.50)",,"/resource_packs/rp/entity/sub_anomaly_2.entity.json",
FORMATVER,300,"Recommendation","","Entity type resource version (1.26.40) has a lower patch version number compared to the expected version (1.26.50)",,"/resource_packs/rp/entity/tether.entity.json",
FORMATVER,300,"Recommendation","","Entity type resource version (1.26.40) has a lower patch version number compared to the expected version (1.26.50)",,"/resource_packs/rp/entity/the_broken_end.entity.json",
FORMATVER,300,"Recommendation","","Entity type resource version (1.26.40) has a lower patch version number compared to the expected version (1.26.50)",,"/resource_packs/rp/entity/the_broken_end_ambush.entity.json",
FORMATVER,300,"Recommendation","","Entity type resource version (1.26.40) has a lower patch version number compared to the expected version (1.26.50)",,"/resource_packs/rp/entity/the_broken_end_curious.entity.json",
FORMATVER,300,"Recommendation","","Entity type resource version (1.26.40) has a lower patch version number compared to the expected version (1.26.50)",,"/resource_packs/rp/entity/the_broken_end_stalk.entity.json",
FORMATVER,300,"Recommendation","","Entity type resource version (1.26.40) has a lower patch version number compared to the expected version (1.26.50)",,"/resource_packs/rp/entity/the_obliteration.entity.json",
FORMATVER,300,"Recommendation","","Entity type resource version (1.26.40) has a lower patch version number compared to the expected version (1.26.50)",,"/resource_packs/rp/entity/the_obliteration_2.entity.json",
FORMATVER,300,"Recommendation","","Entity type resource version (1.26.40) has a lower patch version number compared to the expected version (1.26.50)",,"/resource_packs/rp/entity/void_tentacle.entity.json",
FORMATVER,300,"Recommendation","","Entity type resource version (1.26.40) has a lower patch version number compared to the expected version (1.26.50)",,"/resource_packs/rp/entity/xxram_2die.entity.json",
FORMATVER,316,"Recommendation","","Fog resource version (1.16.100) has a lower minor version number compared to the expected version (1.26.50) or its previous minor version",,"/resource_packs/rp/fogs/concrete.fog.json",
FORMATVER,316,"Recommendation","","Fog resource version (1.16.100) has a lower minor version number compared to the expected version (1.26.50) or its previous minor version",,"/resource_packs/rp/fogs/day_a.fog.json",
FORMATVER,316,"Recommendation","","Fog resource version (1.16.100) has a lower minor version number compared to the expected version (1.26.50) or its previous minor version",,"/resource_packs/rp/fogs/dysaphytic_wen.fog.json",
FORMATVER,316,"Recommendation","","Fog resource version (1.16.100) has a lower minor version number compared to the expected version (1.26.50) or its previous minor version",,"/resource_packs/rp/fogs/library.fog.json",
FORMATVER,316,"Recommendation","","Fog resource version (1.16.100) has a lower minor version number compared to the expected version (1.26.50) or its previous minor version",,"/resource_packs/rp/fogs/limbo.fog.json",
FORMATVER,316,"Recommendation","","Fog resource version (1.16.100) has a lower minor version number compared to the expected version (1.26.50) or its previous minor version",,"/resource_packs/rp/fogs/lucid.fog.json",
FORMATVER,316,"Recommendation","","Fog resource version (1.16.100) has a lower minor version number compared to the expected version (1.26.50) or its previous minor version",,"/resource_packs/rp/fogs/moon.fog.json",
FORMATVER,316,"Recommendation","","Fog resource version (1.16.100) has a lower minor version number compared to the expected version (1.26.50) or its previous minor version",,"/resource_packs/rp/fogs/nothing.fog.json",
FORMATVER,316,"Recommendation","","Fog resource version (1.16.100) has a lower minor version number compared to the expected version (1.26.50) or its previous minor version",,"/resource_packs/rp/fogs/nowhere.fog.json",
FORMATVER,316,"Recommendation","","Fog resource version (1.16.100) has a lower minor version number compared to the expected version (1.26.50) or its previous minor version",,"/resource_packs/rp/fogs/null_biome.fog.json",
FORMATVER,316,"Recommendation","","Fog resource version (1.16.100) has a lower minor version number compared to the expected version (1.26.50) or its previous minor version",,"/resource_packs/rp/fogs/protected_void.fog.json",
FORMATVER,316,"Recommendation","","Fog resource version (1.16.100) has a lower minor version number compared to the expected version (1.26.50) or its previous minor version",,"/resource_packs/rp/fogs/stage2.fog.json",
FORMATVER,316,"Recommendation","","Fog resource version (1.16.100) has a lower minor version number compared to the expected version (1.26.50) or its previous minor version",,"/resource_packs/rp/fogs/stage3.fog.json",
FORMATVER,316,"Recommendation","","Fog resource version (1.16.100) has a lower minor version number compared to the expected version (1.26.50) or its previous minor version",,"/resource_packs/rp/fogs/stereogenic_growth.fog.json",
FORMATVER,316,"Recommendation","","Fog resource version (1.16.100) has a lower minor version number compared to the expected version (1.26.50) or its previous minor version",,"/resource_packs/rp/fogs/void.fog.json",
FORMATVER,621,"Info","","Block type format_version",1,26,40,"/behavior_packs/bp/blocks/a_flower.json",
FORMATVER,621,"Info","","Block type format_version",1,26,40,"/behavior_packs/bp/blocks/all_dead.json",
FORMATVER,621,"Info","","Block type format_version",1,26,40,"/behavior_packs/bp/blocks/bennie_plush_block.json",
FORMATVER,621,"Info","","Block type format_version",1,26,40,"/behavior_packs/bp/blocks/berry_plush_block.json",
FORMATVER,621,"Info","","Block type format_version",1,26,40,"/behavior_packs/bp/blocks/block_is_missing_id.json",
FORMATVER,621,"Info","","Block type format_version",1,26,40,"/behavior_packs/bp/blocks/border_block.json",
FORMATVER,621,"Info","","Block type format_version",1,26,40,"/behavior_packs/bp/blocks/ceiling_light.json",
FORMATVER,621,"Info","","Block type format_version",1,26,40,"/behavior_packs/bp/blocks/ceiling_tile.json",
FORMATVER,621,"Info","","Block type format_version",1,26,40,"/behavior_packs/bp/blocks/chiseled_moon_stone_bricks.json",
FORMATVER,621,"Info","","Block type format_version",1,26,40,"/behavior_packs/bp/blocks/cobblestone_border_block.json",
FORMATVER,621,"Info","","Block type format_version",1,26,40,"/behavior_packs/bp/blocks/command.json",
FORMATVER,621,"Info","","Block type format_version",1,26,40,"/behavior_packs/bp/blocks/command_block_giver.json",
FORMATVER,621,"Info","","Block type format_version",1,26,40,"/behavior_packs/bp/blocks/concrete.json",
FORMATVER,621,"Info","","Block type format_version",1,26,40,"/behavior_packs/bp/blocks/corrupted_moon_stone_bricks.json",
FORMATVER,621,"Info","","Block type format_version",1,26,40,"/behavior_packs/bp/blocks/decomposed_semiotics.json",
FORMATVER,621,"Info","","Block type format_version",1,26,40,"/behavior_packs/bp/blocks/deviation.json",
FORMATVER,621,"Info","","Block type format_version",1,26,40,"/behavior_packs/bp/blocks/dirt_border_block.json",
FORMATVER,621,"Info","","Block type format_version",1,26,40,"/behavior_packs/bp/blocks/disruption.json",
FORMATVER,621,"Info","","Block type format_version",1,26,40,"/behavior_packs/bp/blocks/dominik_plush_block.json",
FORMATVER,621,"Info","","Block type format_version",1,26,40,"/behavior_packs/bp/blocks/ebridger_plush_block.json",
FORMATVER,621,"Info","","Block type format_version",1,26,40,"/behavior_packs/bp/blocks/elderly_plush_block.json",
FORMATVER,621,"Info","","Block type format_version",1,26,40,"/behavior_packs/bp/blocks/eldritch_plush_block.json",
FORMATVER,621,"Info","","Block type format_version",1,26,40,"/behavior_packs/bp/blocks/empty.json",
FORMATVER,621,"Info","","Block type format_version",1,26,40,"/behavior_packs/bp/blocks/exit.json",
FORMATVER,621,"Info","","Block type format_version",1,26,40,"/behavior_packs/bp/blocks/eyae_plush_block.json",
FORMATVER,621,"Info","","Block type format_version",1,26,40,"/behavior_packs/bp/blocks/flesh.json",
FORMATVER,621,"Info","","Block type format_version",1,26,40,"/behavior_packs/bp/blocks/garreth_plush_block.json",
FORMATVER,621,"Info","","Block type format_version",1,26,40,"/behavior_packs/bp/blocks/glass_border_block.json",
FORMATVER,621,"Info","","Block type format_version",1,26,40,"/behavior_packs/bp/blocks/hello.json",
FORMATVER,621,"Info","","Block type format_version",1,26,40,"/behavior_packs/bp/blocks/hermit_plush_block.json",
FORMATVER,621,"Info","","Block type format_version",1,26,40,"/behavior_packs/bp/blocks/initiator.json",
FORMATVER,621,"Info","","Block type format_version",1,26,40,"/behavior_packs/bp/blocks/int.json",
FORMATVER,621,"Info","","Block type format_version",1,26,40,"/behavior_packs/bp/blocks/intense_projection.json",
FORMATVER,621,"Info","","Block type format_version",1,26,40,"/behavior_packs/bp/blocks/it.json",
FORMATVER,621,"Info","","Block type format_version",1,26,40,"/behavior_packs/bp/blocks/jd_plush_block.json",
FORMATVER,621,"Info","","Block type format_version",1,26,40,"/behavior_packs/bp/blocks/jim_trigger_1.json",
FORMATVER,621,"Info","","Block type format_version",1,26,40,"/behavior_packs/bp/blocks/jim_trigger_2.json",
FORMATVER,621,"Info","","Block type format_version",1,26,40,"/behavior_packs/bp/blocks/jim_trigger_3.json",
FORMATVER,621,"Info","","Block type format_version",1,26,40,"/behavior_packs/bp/blocks/jim_trigger_4.json",
FORMATVER,621,"Info","","Block type format_version",1,26,40,"/behavior_packs/bp/blocks/lily_of_the_abyss.json",
FORMATVER,621,"Info","","Block type format_version",1,26,40,"/behavior_packs/bp/blocks/limbo.json",
FORMATVER,621,"Info","","Block type format_version",1,26,40,"/behavior_packs/bp/blocks/lost_plush_block.json",
FORMATVER,621,"Info","","Block type format_version",1,26,40,"/behavior_packs/bp/blocks/lovemist_plush_block.json",
FORMATVER,621,"Info","","Block type format_version",1,26,40,"/behavior_packs/bp/blocks/mc_plush_block.json",
FORMATVER,621,"Info","","Block type format_version",1,26,40,"/behavior_packs/bp/blocks/moist_carpet.json",
FORMATVER,621,"Info","","Block type format_version",1,26,40,"/behavior_packs/bp/blocks/moji_plush_block.json",
FORMATVER,621,"Info","","Block type format_version",1,26,40,"/behavior_packs/bp/blocks/mono_library.json",
FORMATVER,621,"Info","","Block type format_version",1,26,40,"/behavior_packs/bp/blocks/mono_planks.json",
FORMATVER,621,"Info","","Block type format_version",1,26,40,"/behavior_packs/bp/blocks/mono_slab.json",
FORMATVER,621,"Info","","Block type format_version",1,26,40,"/behavior_packs/bp/blocks/mono_stairs.json",
FORMATVER,621,"Info","","Block type format_version",1,26,40,"/behavior_packs/bp/blocks/moon_stone.json",
FORMATVER,621,"Info","","Block type format_version",1,26,40,"/behavior_packs/bp/blocks/moon_stone_brick_slab.json",
FORMATVER,621,"Info","","Block type format_version",1,26,40,"/behavior_packs/bp/blocks/moon_stone_brick_stairs.json",
FORMATVER,621,"Info","","Block type format_version",1,26,40,"/behavior_packs/bp/blocks/moon_stone_brick_wall.json",
FORMATVER,621,"Info","","Block type format_version",1,26,40,"/behavior_packs/bp/blocks/moon_stone_bricks.json",
FORMATVER,621,"Info","","Block type format_version",1,26,40,"/behavior_packs/bp/blocks/nahbro_plush_block.json",
FORMATVER,621,"Info","","Block type format_version",1,26,40,"/behavior_packs/bp/blocks/name_missing.json",
FORMATVER,621,"Info","","Block type format_version",1,26,40,"/behavior_packs/bp/blocks/necrosis.json",
FORMATVER,621,"Info","","Block type format_version",1,26,40,"/behavior_packs/bp/blocks/new_vein.json",
FORMATVER,621,"Info","","Block type format_version",1,26,40,"/behavior_packs/bp/blocks/nothing.json",
FORMATVER,621,"Info","","Block type format_version",1,26,40,"/behavior_packs/bp/blocks/nowhere_block.json",
FORMATVER,621,"Info","","Block type format_version",1,26,40,"/behavior_packs/bp/blocks/null_structure.json",
FORMATVER,621,"Info","","Block type format_version",1,26,40,"/behavior_packs/bp/blocks/obsidian.json",
FORMATVER,621,"Info","","Block type format_version",1,26,40,"/behavior_packs/bp/blocks/oldblock.json",
FORMATVER,621,"Info","","Block type format_version",1,26,40,"/behavior_packs/bp/blocks/physical_stacktrace.json",
FORMATVER,621,"Info","","Block type format_version",1,26,40,"/behavior_packs/bp/blocks/polished_moon_stone.json",
FORMATVER,621,"Info","","Block type format_version",1,26,40,"/behavior_packs/bp/blocks/polished_moon_stone_slab.json",
FORMATVER,621,"Info","","Block type format_version",1,26,40,"/behavior_packs/bp/blocks/polished_moon_stone_stairs.json",
FORMATVER,621,"Info","","Block type format_version",1,26,40,"/behavior_packs/bp/blocks/polished_moon_stone_wall.json",
FORMATVER,621,"Info","","Block type format_version",1,26,40,"/behavior_packs/bp/blocks/portal_controller.json",
FORMATVER,621,"Info","","Block type format_version",1,26,40,"/behavior_packs/bp/blocks/portal_extender.json",
FORMATVER,621,"Info","","Block type format_version",1,26,40,"/behavior_packs/bp/blocks/potted_lily_of_the_abyss.json",
FORMATVER,621,"Info","","Block type format_version",1,26,40,"/behavior_packs/bp/blocks/potted_void_bell.json",
FORMATVER,621,"Info","","Block type format_version",1,26,40,"/behavior_packs/bp/blocks/potted_void_cap.json",
FORMATVER,621,"Info","","Block type format_version",1,26,40,"/behavior_packs/bp/blocks/potted_void_shroom.json",
FORMATVER,621,"Info","","Block type format_version",1,26,40,"/behavior_packs/bp/blocks/protected_void.json",
FORMATVER,621,"Info","","Block type format_version",1,26,40,"/behavior_packs/bp/blocks/protected_void_fence.json",
FORMATVER,621,"Info","","Block type format_version",1,26,40,"/behavior_packs/bp/blocks/protected_void_light.json",
FORMATVER,621,"Info","","Block type format_version",1,26,40,"/behavior_packs/bp/blocks/protected_void_slab.json",
FORMATVER,621,"Info","","Block type format_version",1,26,40,"/behavior_packs/bp/blocks/protected_void_stairs.json",
FORMATVER,621,"Info","","Block type format_version",1,26,40,"/behavior_packs/bp/blocks/protected_void_wall.json",
FORMATVER,621,"Info","","Block type format_version",1,26,40,"/behavior_packs/bp/blocks/pyrit_plush_block.json",
FORMATVER,621,"Info","","Block type format_version",1,26,40,"/behavior_packs/bp/blocks/r_3.json",
FORMATVER,621,"Info","","Block type format_version",1,26,40,"/behavior_packs/bp/blocks/raevant_plush_block.json",
FORMATVER,621,"Info","","Block type format_version",1,26,40,"/behavior_packs/bp/blocks/rdh_plush_block.json",
FORMATVER,621,"Info","","Block type format_version",1,26,40,"/behavior_packs/bp/blocks/red_ceiling_light.json",
FORMATVER,621,"Info","","Block type format_version",1,26,40,"/behavior_packs/bp/blocks/red_ceiling_tile.json",
FORMATVER,621,"Info","","Block type format_version",1,26,40,"/behavior_packs/bp/blocks/red_moist_carpet.json",
FORMATVER,621,"Info","","Block type format_version",1,26,40,"/behavior_packs/bp/blocks/red_ugly_wallpaper.json",
FORMATVER,621,"Info","","Block type format_version",1,26,40,"/behavior_packs/bp/blocks/redstone_plush_block.json",
FORMATVER,621,"Info","","Block type format_version",1,26,40,"/behavior_packs/bp/blocks/shadow_bug.json",
FORMATVER,621,"Info","","Block type format_version",1,26,40,"/behavior_packs/bp/blocks/shadow_plush_block.json",
FORMATVER,621,"Info","","Block type format_version",1,26,40,"/behavior_packs/bp/blocks/sideways_cobblestone_stairs.json",
FORMATVER,621,"Info","","Block type format_version",1,26,40,"/behavior_packs/bp/blocks/sideways_fence.json",
FORMATVER,621,"Info","","Block type format_version",1,26,40,"/behavior_packs/bp/blocks/sideways_furnace.json",
FORMATVER,621,"Info","","Block type format_version",1,26,40,"/behavior_packs/bp/blocks/sideways_pane.json",
FORMATVER,621,"Info","","Block type format_version",1,26,40,"/behavior_packs/bp/blocks/skie_plush_block.json",
FORMATVER,621,"Info","","Block type format_version",1,26,40,"/behavior_packs/bp/blocks/smooth_stone_vertical_slab.json",
FORMATVER,621,"Info","","Block type format_version",1,26,40,"/behavior_packs/bp/blocks/spruce_wood_slab.json",
FORMATVER,621,"Info","","Block type format_version",1,26,40,"/behavior_packs/bp/blocks/stevelocks_plush_block.json",
FORMATVER,621,"Info","","Block type format_version",1,26,40,"/behavior_packs/bp/blocks/stone_border_block.json",
FORMATVER,621,"Info","","Block type format_version",1,26,40,"/behavior_packs/bp/blocks/stone_slab_border_block.json",
FORMATVER,621,"Info","","Block type format_version",1,26,40,"/behavior_packs/bp/blocks/teeth.json",
FORMATVER,621,"Info","","Block type format_version",1,26,40,"/behavior_packs/bp/blocks/tekkit_plush_block.json",
FORMATVER,621,"Info","","Block type format_version",1,26,40,"/behavior_packs/bp/blocks/ud_oak_door.json",
FORMATVER,621,"Info","","Block type format_version",1,26,40,"/behavior_packs/bp/blocks/ugly_wallpaper.json",
FORMATVER,621,"Info","","Block type format_version",1,26,40,"/behavior_packs/bp/blocks/viscera.json",
FORMATVER,621,"Info","","Block type format_version",1,26,40,"/behavior_packs/bp/blocks/void_bell.json",
FORMATVER,621,"Info","","Block type format_version",1,26,40,"/behavior_packs/bp/blocks/void_bloom.json",
FORMATVER,621,"Info","","Block type format_version",1,26,40,"/behavior_packs/bp/blocks/void_blossom.json",
FORMATVER,621,"Info","","Block type format_version",1,26,40,"/behavior_packs/bp/blocks/void_bud.json",
FORMATVER,621,"Info","","Block type format_version",1,26,40,"/behavior_packs/bp/blocks/void_budding.json",
FORMATVER,621,"Info","","Block type format_version",1,26,40,"/behavior_packs/bp/blocks/void_bush.json",
FORMATVER,621,"Info","","Block type format_version",1,26,40,"/behavior_packs/bp/blocks/void_cap.json",
FORMATVER,621,"Info","","Block type format_version",1,26,40,"/behavior_packs/bp/blocks/void_door.json",
FORMATVER,621,"Info","","Block type format_version",1,26,40,"/behavior_packs/bp/blocks/void_goop_flow.json",
FORMATVER,621,"Info","","Block type format_version",1,26,40,"/behavior_packs/bp/blocks/void_goop_still.json",
FORMATVER,621,"Info","","Block type format_version",1,26,40,"/behavior_packs/bp/blocks/void_grass.json",
FORMATVER,621,"Info","","Block type format_version",1,26,40,"/behavior_packs/bp/blocks/void_log.json",
FORMATVER,621,"Info","","Block type format_version",1,26,40,"/behavior_packs/bp/blocks/void_log_door.json",
FORMATVER,621,"Info","","Block type format_version",1,26,40,"/behavior_packs/bp/blocks/void_plank_door.json",
FORMATVER,621,"Info","","Block type format_version",1,26,40,"/behavior_packs/bp/blocks/void_plank_slab.json",
FORMATVER,621,"Info","","Block type format_version",1,26,40,"/behavior_packs/bp/blocks/void_plank_stairs.json",
FORMATVER,621,"Info","","Block type format_version",1,26,40,"/behavior_packs/bp/blocks/void_planks.json",
FORMATVER,621,"Info","","Block type format_version",1,26,40,"/behavior_packs/bp/blocks/void_root.json",
FORMATVER,621,"Info","","Block type format_version",1,26,40,"/behavior_packs/bp/blocks/void_roots.json",
FORMATVER,621,"Info","","Block type format_version",1,26,40,"/behavior_packs/bp/blocks/void_shroom.json",
FORMATVER,621,"Info","","Block type format_version",1,26,40,"/behavior_packs/bp/blocks/void_sprout.json",
FORMATVER,621,"Info","","Block type format_version",1,26,40,"/behavior_packs/bp/blocks/void_template_1.json",
FORMATVER,621,"Info","","Block type format_version",1,26,40,"/behavior_packs/bp/blocks/void_template_10.json",
FORMATVER,621,"Info","","Block type format_version",1,26,40,"/behavior_packs/bp/blocks/void_template_11.json",
FORMATVER,621,"Info","","Block type format_version",1,26,40,"/behavior_packs/bp/blocks/void_template_12.json",
FORMATVER,621,"Info","","Block type format_version",1,26,40,"/behavior_packs/bp/blocks/void_template_13.json",
FORMATVER,621,"Info","","Block type format_version",1,26,40,"/behavior_packs/bp/blocks/void_template_14.json",
FORMATVER,621,"Info","","Block type format_version",1,26,40,"/behavior_packs/bp/blocks/void_template_15.json",
FORMATVER,621,"Info","","Block type format_version",1,26,40,"/behavior_packs/bp/blocks/void_template_16.json",
FORMATVER,621,"Info","","Block type format_version",1,26,40,"/behavior_packs/bp/blocks/void_template_2.json",
FORMATVER,621,"Info","","Block type format_version",1,26,40,"/behavior_packs/bp/blocks/void_template_3.json",
FORMATVER,621,"Info","","Block type format_version",1,26,40,"/behavior_packs/bp/blocks/void_template_4.json",
FORMATVER,621,"Info","","Block type format_version",1,26,40,"/behavior_packs/bp/blocks/void_template_5.json",
FORMATVER,621,"Info","","Block type format_version",1,26,40,"/behavior_packs/bp/blocks/void_template_6.json",
FORMATVER,621,"Info","","Block type format_version",1,26,40,"/behavior_packs/bp/blocks/void_template_7.json",
FORMATVER,621,"Info","","Block type format_version",1,26,40,"/behavior_packs/bp/blocks/void_template_8.json",
FORMATVER,621,"Info","","Block type format_version",1,26,40,"/behavior_packs/bp/blocks/void_template_9.json",
FORMATVER,621,"Info","","Block type format_version",1,26,40,"/behavior_packs/bp/blocks/void_vine.json",
FORMATVER,621,"Info","","Block type format_version",1,26,40,"/behavior_packs/bp/blocks/void_wood.json",
FORMATVER,621,"Info","","Block type format_version",1,26,40,"/behavior_packs/bp/blocks/void_wood_trapdoor.json",
FORMATVER,621,"Info","","Block type format_version",1,26,40,"/behavior_packs/bp/blocks/wendigo_plush_block.json",
FORMATVER,621,"Info","","Block type format_version",1,26,40,"/behavior_packs/bp/blocks/white.json",
FORMATVER,621,"Info","","Block type format_version",1,26,40,"/behavior_packs/bp/blocks/yharim_plush_block.json",
FORMATVER,621,"Info","","Block type format_version",1,26,40,"/behavior_packs/bp/blocks/zetos_plush_block.json",
FORMATVER,623,"Info","","Item type format_version",1,26,40,"/behavior_packs/bp/items/attribute_mutilation.json",
FORMATVER,623,"Info","","Item type format_version",1,26,40,"/behavior_packs/bp/items/bennie_cod.json",
FORMATVER,623,"Info","","Item type format_version",1,26,40,"/behavior_packs/bp/items/bennie_plush.json",
FORMATVER,623,"Info","","Item type format_version",1,26,40,"/behavior_packs/bp/items/berry_plush.json",
FORMATVER,623,"Info","","Item type format_version",1,26,40,"/behavior_packs/bp/items/book.json",
FORMATVER,623,"Info","","Item type format_version",1,26,40,"/behavior_packs/bp/items/circuit_bread.json",
FORMATVER,623,"Info","","Item type format_version",1,26,40,"/behavior_packs/bp/items/circuit_cave_painting.json",
FORMATVER,623,"Info","","Item type format_version",1,26,40,"/behavior_packs/bp/items/corrupt_ebridger_cod.json",
FORMATVER,623,"Info","","Item type format_version",1,26,40,"/behavior_packs/bp/items/credits.json",
FORMATVER,623,"Info","","Item type format_version",1,26,40,"/behavior_packs/bp/items/desyncer.json",
FORMATVER,623,"Info","","Item type format_version",1,26,40,"/behavior_packs/bp/items/dominik_cod.json",
FORMATVER,623,"Info","","Item type format_version",1,26,40,"/behavior_packs/bp/items/dominik_plush.json",
FORMATVER,623,"Info","","Item type format_version",1,26,40,"/behavior_packs/bp/items/ebridger_cod.json",
FORMATVER,623,"Info","","Item type format_version",1,26,40,"/behavior_packs/bp/items/ebridger_plush.json",
FORMATVER,623,"Info","","Item type format_version",1,26,40,"/behavior_packs/bp/items/elderly_plush.json",
FORMATVER,623,"Info","","Item type format_version",1,26,40,"/behavior_packs/bp/items/eldritch_cod.json",
FORMATVER,623,"Info","","Item type format_version",1,26,40,"/behavior_packs/bp/items/eldritch_plush.json",
FORMATVER,623,"Info","","Item type format_version",1,26,40,"/behavior_packs/bp/items/evil_codstone_cod.json",
FORMATVER,623,"Info","","Item type format_version",1,26,40,"/behavior_packs/bp/items/eyae_cod.json",
FORMATVER,623,"Info","","Item type format_version",1,26,40,"/behavior_packs/bp/items/eyae_plush.json",
FORMATVER,623,"Info","","Item type format_version",1,26,40,"/behavior_packs/bp/items/faraway_salmon.json",
FORMATVER,623,"Info","","Item type format_version",1,26,40,"/behavior_packs/bp/items/garreth_cod.json",
FORMATVER,623,"Info","","Item type format_version",1,26,40,"/behavior_packs/bp/items/garreth_plush.json",
FORMATVER,623,"Info","","Item type format_version",1,26,40,"/behavior_packs/bp/items/glaggle.json",
FORMATVER,623,"Info","","Item type format_version",1,26,40,"/behavior_packs/bp/items/gore.json",
FORMATVER,623,"Info","","Item type format_version",1,26,40,"/behavior_packs/bp/items/hand_cannon.json",
FORMATVER,623,"Info","","Item type format_version",1,26,40,"/behavior_packs/bp/items/hermit_plush.json",
FORMATVER,623,"Info","","Item type format_version",1,26,40,"/behavior_packs/bp/items/instability.json",
FORMATVER,623,"Info","","Item type format_version",1,26,40,"/behavior_packs/bp/items/instability_music_box.json",
FORMATVER,623,"Info","","Item type format_version",1,26,40,"/behavior_packs/bp/items/instabilityv2.json",
FORMATVER,623,"Info","","Item type format_version",1,26,40,"/behavior_packs/bp/items/instabilityv3.json",
FORMATVER,623,"Info","","Item type format_version",1,26,40,"/behavior_packs/bp/items/integrity_fireball.json",
FORMATVER,623,"Info","","Item type format_version",1,26,40,"/behavior_packs/bp/items/jd_cod.json",
FORMATVER,623,"Info","","Item type format_version",1,26,40,"/behavior_packs/bp/items/jd_plush.json",
FORMATVER,623,"Info","","Item type format_version",1,26,40,"/behavior_packs/bp/items/lilly.json",
FORMATVER,623,"Info","","Item type format_version",1,26,40,"/behavior_packs/bp/items/lilly_v2.json",
FORMATVER,623,"Info","","Item type format_version",1,26,40,"/behavior_packs/bp/items/lost_need_cod.json",
FORMATVER,623,"Info","","Item type format_version",1,26,40,"/behavior_packs/bp/items/lost_plush.json",
FORMATVER,623,"Info","","Item type format_version",1,26,40,"/behavior_packs/bp/items/lovemist_plush.json",
FORMATVER,623,"Info","","Item type format_version",1,26,40,"/behavior_packs/bp/items/mc_plush.json",
FORMATVER,623,"Info","","Item type format_version",1,26,40,"/behavior_packs/bp/items/moji_plush.json",
FORMATVER,623,"Info","","Item type format_version",1,26,40,"/behavior_packs/bp/items/n.json",
FORMATVER,623,"Info","","Item type format_version",1,26,40,"/behavior_packs/bp/items/nahbro_plush.json",
FORMATVER,623,"Info","","Item type format_version",1,26,40,"/behavior_packs/bp/items/null.json",
FORMATVER,623,"Info","","Item type format_version",1,26,40,"/behavior_packs/bp/items/null_bread.json",
FORMATVER,623,"Info","","Item type format_version",1,26,40,"/behavior_packs/bp/items/null_cod.json",
FORMATVER,623,"Info","","Item type format_version",1,26,40,"/behavior_packs/bp/items/pencil_cod.json",
FORMATVER,623,"Info","","Item type format_version",1,26,40,"/behavior_packs/bp/items/piece_1.json",
FORMATVER,623,"Info","","Item type format_version",1,26,40,"/behavior_packs/bp/items/piece_2.json",
FORMATVER,623,"Info","","Item type format_version",1,26,40,"/behavior_packs/bp/items/piece_3.json",
FORMATVER,623,"Info","","Item type format_version",1,26,40,"/behavior_packs/bp/items/piece_4.json",
FORMATVER,623,"Info","","Item type format_version",1,26,40,"/behavior_packs/bp/items/piece_5.json",
FORMATVER,623,"Info","","Item type format_version",1,26,40,"/behavior_packs/bp/items/polaroid.json",
FORMATVER,623,"Info","","Item type format_version",1,26,40,"/behavior_packs/bp/items/polaroid_frame.json",
FORMATVER,623,"Info","","Item type format_version",1,26,40,"/behavior_packs/bp/items/portal_linker.json",
FORMATVER,623,"Info","","Item type format_version",1,26,40,"/behavior_packs/bp/items/pyrit_plush.json",
FORMATVER,623,"Info","","Item type format_version",1,26,40,"/behavior_packs/bp/items/raevant_plush.json",
FORMATVER,623,"Info","","Item type format_version",1,26,40,"/behavior_packs/bp/items/rdh_plush.json",
FORMATVER,623,"Info","","Item type format_version",1,26,40,"/behavior_packs/bp/items/record_14.json",
FORMATVER,623,"Info","","Item type format_version",1,26,40,"/behavior_packs/bp/items/record_15.json",
FORMATVER,623,"Info","","Item type format_version",1,26,40,"/behavior_packs/bp/items/record_16.json",
FORMATVER,623,"Info","","Item type format_version",1,26,40,"/behavior_packs/bp/items/record_17.json",
FORMATVER,623,"Info","","Item type format_version",1,26,40,"/behavior_packs/bp/items/redstone_cod.json",
FORMATVER,623,"Info","","Item type format_version",1,26,40,"/behavior_packs/bp/items/redstone_plush.json",
FORMATVER,623,"Info","","Item type format_version",1,26,40,"/behavior_packs/bp/items/revuxorfish.json",
FORMATVER,623,"Info","","Item type format_version",1,26,40,"/behavior_packs/bp/items/shadow_plush.json",
FORMATVER,623,"Info","","Item type format_version",1,26,40,"/behavior_packs/bp/items/shadowmaster_cod.json",
FORMATVER,623,"Info","","Item type format_version",1,26,40,"/behavior_packs/bp/items/skie_plush.json",
FORMATVER,623,"Info","","Item type format_version",1,26,40,"/behavior_packs/bp/items/stevelocks_plush.json",
FORMATVER,623,"Info","","Item type format_version",1,26,40,"/behavior_packs/bp/items/tekkit_cod.json",
FORMATVER,623,"Info","","Item type format_version",1,26,40,"/behavior_packs/bp/items/tekkit_plush.json",
FORMATVER,623,"Info","","Item type format_version",1,26,40,"/behavior_packs/bp/items/torn_paper.json",
FORMATVER,623,"Info","","Item type format_version",1,26,40,"/behavior_packs/bp/items/v1_cod.json",
FORMATVER,623,"Info","","Item type format_version",1,26,40,"/behavior_packs/bp/items/v2_cod.json",
FORMATVER,623,"Info","","Item type format_version",1,26,40,"/behavior_packs/bp/items/void_liquid_bucket.json",
FORMATVER,623,"Info","","Item type format_version",1,26,40,"/behavior_packs/bp/items/wendigo_plush.json",
FORMATVER,623,"Info","","Item type format_version",1,26,40,"/behavior_packs/bp/items/yharim_plush.json",
FORMATVER,623,"Info","","Item type format_version",1,26,40,"/behavior_packs/bp/items/zetos_cod.json",
FORMATVER,623,"Info","","Item type format_version",1,26,40,"/behavior_packs/bp/items/zetos_plush.json",
FORMATVER,628,"Info","","Animation format_version",1,10,0,"/resource_packs/rp/animations/brokenendoverhaul.animation.json",
FORMATVER,628,"Info","","Animation format_version",1,10,0,"/resource_packs/rp/animations/chord.animation.json",
FORMATVER,628,"Info","","Animation format_version",1,8,0,"/resource_packs/rp/animations/chord_projectile.animation.json",
FORMATVER,628,"Info","","Animation format_version",1,10,0,"/resource_packs/rp/animations/circy.animation.json",
FORMATVER,628,"Info","","Animation format_version",1,10,0,"/resource_packs/rp/animations/curved.animation.json",
FORMATVER,628,"Info","","Animation format_version",1,10,0,"/resource_packs/rp/animations/deprivation.animation.json",
FORMATVER,628,"Info","","Animation format_version",1,10,0,"/resource_packs/rp/animations/desintegration.animation.json",
FORMATVER,628,"Info","","Animation format_version",1,10,0,"/resource_packs/rp/animations/error5v2.animation.json",
FORMATVER,628,"Info","","Animation format_version",1,10,0,"/resource_packs/rp/animations/fever.animation.json",
FORMATVER,628,"Info","","Animation format_version",1,10,0,"/resource_packs/rp/animations/fractured.animation.json",
FORMATVER,628,"Info","","Animation format_version",1,10,0,"/resource_packs/rp/animations/hetzer.animation.json",
FORMATVER,628,"Info","","Animation format_version",1,10,0,"/resource_packs/rp/animations/hetzerfixed.animation.json",
FORMATVER,628,"Info","","Animation format_version",1,10,0,"/resource_packs/rp/animations/integrity.animation.json",
FORMATVER,628,"Info","","Animation format_version",1,10,0,"/resource_packs/rp/animations/integrity_curious.animation.json",
FORMATVER,628,"Info","","Animation format_version",1,10,0,"/resource_packs/rp/animations/integrity_phase1.animation.json",
FORMATVER,628,"Info","","Animation format_version",1,10,0,"/resource_packs/rp/animations/integrity_phase2.animation.json",
FORMATVER,628,"Info","","Animation format_version",1,10,0,"/resource_packs/rp/animations/integrity_phase3.animation.json",
FORMATVER,628,"Info","","Animation format_version",1,10,0,"/resource_packs/rp/animations/integritywip.animation.json",
FORMATVER,628,"Info","","Animation format_version",1,10,0,"/resource_packs/rp/animations/ip3_ground_arm.animation.json",
FORMATVER,628,"Info","","Animation format_version",1,10,0,"/resource_packs/rp/animations/jon.animation.json",
FORMATVER,628,"Info","","Animation format_version",1,10,0,"/resource_packs/rp/animations/murderfur.animation.json",
FORMATVER,628,"Info","","Animation format_version",1,10,0,"/resource_packs/rp/animations/notexture.animation.json",
FORMATVER,628,"Info","","Animation format_version",1,10,0,"/resource_packs/rp/animations/nothing_watcher.animation.json",
FORMATVER,628,"Info","","Animation format_version",1,10,0,"/resource_packs/rp/animations/obliteration2.animation.json",
FORMATVER,628,"Info","","Animation format_version",1,10,0,"/resource_packs/rp/animations/plush.animation.json",
FORMATVER,628,"Info","","Animation format_version",1,10,0,"/resource_packs/rp/animations/ram2die.animation.json",
FORMATVER,628,"Info","","Animation format_version",1,10,0,"/resource_packs/rp/animations/revuxor.animation.json",
FORMATVER,628,"Info","","Animation format_version",1,10,0,"/resource_packs/rp/animations/sub_anom_2.animation.json",
FORMATVER,628,"Info","","Animation format_version",1,10,0,"/resource_packs/rp/animations/tbe_ambush.animation.json",
FORMATVER,628,"Info","","Animation format_version",1,10,0,"/resource_packs/rp/animations/tbe_overhaulv4.animation.json",
FORMATVER,628,"Info","","Animation format_version",1,10,0,"/resource_packs/rp/animations/tentacle_swipe.json",
FORMATVER,628,"Info","","Animation format_version",1,10,0,"/resource_packs/rp/animations/tentacle_swipe_only.json",
FORMATVER,628,"Info","","Animation format_version",1,10,0,"/resource_packs/rp/animations/tether.animation.json",
FORMATVER,628,"Info","","Animation format_version",1,10,0,"/resource_packs/rp/animations/triangle.animation.json",
FORMATVER,628,"Info","","Animation format_version",1,10,0,"/resource_packs/rp/animations/void_tentacle.animation.json",
FORMATVER,630,"Info","","Entity type visuals/audio format_version",1,26,40,"/resource_packs/rp/entity/ban.entity.json",
FORMATVER,630,"Info","","Entity type visuals/audio format_version",1,26,40,"/resource_packs/rp/entity/chord.entity.json",
FORMATVER,630,"Info","","Entity type visuals/audio format_version",1,26,40,"/resource_packs/rp/entity/chord_projectile.entity.json",
FORMATVER,630,"Info","","Entity type visuals/audio format_version",1,26,40,"/resource_packs/rp/entity/chunk_remover.entity.json",
FORMATVER,630,"Info","","Entity type visuals/audio format_version",1,26,40,"/resource_packs/rp/entity/circuit.entity.json",
FORMATVER,630,"Info","","Entity type visuals/audio format_version",1,10,0,"/resource_packs/rp/entity/circuit_cave_painting.entity.json",
FORMATVER,630,"Info","","Entity type visuals/audio format_version",1,26,40,"/resource_packs/rp/entity/circuit_mineshaft_flee.entity.json",
FORMATVER,630,"Info","","Entity type visuals/audio format_version",1,26,40,"/resource_packs/rp/entity/circuit_mineshaft_stare.entity.json",
FORMATVER,630,"Info","","Entity type visuals/audio format_version",1,26,40,"/resource_packs/rp/entity/circuit_mineshaft_walk.entity.json",
FORMATVER,630,"Info","","Entity type visuals/audio format_version",1,26,40,"/resource_packs/rp/entity/circuit_stalk.entity.json",
FORMATVER,630,"Info","","Entity type visuals/audio format_version",1,26,40,"/resource_packs/rp/entity/circuit_stare.entity.json",
FORMATVER,630,"Info","","Entity type visuals/audio format_version",1,26,40,"/resource_packs/rp/entity/corruption.entity.json",
FORMATVER,630,"Info","","Entity type visuals/audio format_version",1,26,40,"/resource_packs/rp/entity/curved.entity.json",
FORMATVER,630,"Info","","Entity type visuals/audio format_version",1,26,40,"/resource_packs/rp/entity/deceiver.entity.json",
FORMATVER,630,"Info","","Entity type visuals/audio format_version",1,26,40,"/resource_packs/rp/entity/eerie_noise.entity.json",
FORMATVER,630,"Info","","Entity type visuals/audio format_version",1,26,40,"/resource_packs/rp/entity/faraway.entity.json",
FORMATVER,630,"Info","","Entity type visuals/audio format_version",1,26,40,"/resource_packs/rp/entity/fever.entity.json",
FORMATVER,630,"Info","","Entity type visuals/audio format_version",1,26,40,"/resource_packs/rp/entity/fever_stalk.entity.json",
FORMATVER,630,"Info","","Entity type visuals/audio format_version",1,26,40,"/resource_packs/rp/entity/follow.entity.json",
FORMATVER,630,"Info","","Entity type visuals/audio format_version",1,26,40,"/resource_packs/rp/entity/fractured.entity.json",
FORMATVER,630,"Info","","Entity type visuals/audio format_version",1,26,40,"/resource_packs/rp/entity/fractured_roam.entity.json",
FORMATVER,630,"Info","","Entity type visuals/audio format_version",1,26,40,"/resource_packs/rp/entity/he.entity.json",
FORMATVER,630,"Info","","Entity type visuals/audio format_version",1,26,40,"/resource_packs/rp/entity/he_chase.entity.json",
FORMATVER,630,"Info","","Entity type visuals/audio format_version",1,26,40,"/resource_packs/rp/entity/he_hallucination.entity.json",
FORMATVER,630,"Info","","Entity type visuals/audio format_version",1,26,40,"/resource_packs/rp/entity/herobrine.entity.json",
FORMATVER,630,"Info","","Entity type visuals/audio format_version",1,26,40,"/resource_packs/rp/entity/hetzer.entity.json",
FORMATVER,630,"Info","","Entity type visuals/audio format_version",1,26,40,"/resource_packs/rp/entity/integ_fireball.entity.json",
FORMATVER,630,"Info","","Entity type visuals/audio format_version",1,26,40,"/resource_packs/rp/entity/integrity_arm.entity.json",
FORMATVER,630,"Info","","Entity type visuals/audio format_version",1,26,40,"/resource_packs/rp/entity/integrity_curious.entity.json",
FORMATVER,630,"Info","","Entity type visuals/audio format_version",1,26,40,"/resource_packs/rp/entity/integrity_phase_1.entity.json",
FORMATVER,630,"Info","","Entity type visuals/audio format_version",1,26,40,"/resource_packs/rp/entity/integrity_phase_2.entity.json",
FORMATVER,630,"Info","","Entity type visuals/audio format_version",1,26,40,"/resource_packs/rp/entity/integrity_phase_3.entity.json",
FORMATVER,630,"Info","","Entity type visuals/audio format_version",1,26,40,"/resource_packs/rp/entity/jon.entity.json",
FORMATVER,630,"Info","","Entity type visuals/audio format_version",1,26,40,"/resource_packs/rp/entity/maze_shadows.entity.json",
FORMATVER,630,"Info","","Entity type visuals/audio format_version",1,26,40,"/resource_packs/rp/entity/murderfur.entity.json",
FORMATVER,630,"Info","","Entity type visuals/audio format_version",1,26,40,"/resource_packs/rp/entity/name_tag.entity.json",
FORMATVER,630,"Info","","Entity type visuals/audio format_version",1,26,40,"/resource_packs/rp/entity/niw.entity.json",
FORMATVER,630,"Info","","Entity type visuals/audio format_version",1,26,40,"/resource_packs/rp/entity/nothing_watcher.entity.json",
FORMATVER,630,"Info","","Entity type visuals/audio format_version",1,26,40,"/resource_packs/rp/entity/nothingiswatchingchase.entity.json",
FORMATVER,630,"Info","","Entity type visuals/audio format_version",1,26,40,"/resource_packs/rp/entity/null_chase.entity.json",
FORMATVER,630,"Info","","Entity type visuals/audio format_version",1,26,40,"/resource_packs/rp/entity/null_cod.entity.json",
FORMATVER,630,"Info","","Entity type visuals/audio format_version",1,26,40,"/resource_packs/rp/entity/null_endgame.entity.json",
FORMATVER,630,"Info","","Entity type visuals/audio format_version",1,26,40,"/resource_packs/rp/entity/null_flying.entity.json",
FORMATVER,630,"Info","","Entity type visuals/audio format_version",1,26,40,"/resource_packs/rp/entity/null_invade_base.entity.json",
FORMATVER,630,"Info","","Entity type visuals/audio format_version",1,26,40,"/resource_packs/rp/entity/null_is_here.entity.json",
FORMATVER,630,"Info","","Entity type visuals/audio format_version",1,26,40,"/resource_packs/rp/entity/null_maze.entity.json",
FORMATVER,630,"Info","","Entity type visuals/audio format_version",1,26,40,"/resource_packs/rp/entity/null_mining.entity.json",
FORMATVER,630,"Info","","Entity type visuals/audio format_version",1,26,40,"/resource_packs/rp/entity/null_scare.entity.json",
FORMATVER,630,"Info","","Entity type visuals/audio format_version",1,26,40,"/resource_packs/rp/entity/null_unbeatable_bossfight.entity.json",
FORMATVER,630,"Info","","Entity type visuals/audio format_version",1,26,40,"/resource_packs/rp/entity/null_watching.entity.json",
FORMATVER,630,"Info","","Entity type visuals/audio format_version",1,26,40,"/resource_packs/rp/entity/nulll.entity.json",
FORMATVER,630,"Info","","Entity type visuals/audio format_version",1,26,40,"/resource_packs/rp/entity/phantom_player.entity.json",
FORMATVER,630,"Info","","Entity type visuals/audio format_version",1,26,40,"/resource_packs/rp/entity/rock.entity.json",
FORMATVER,630,"Info","","Entity type visuals/audio format_version",1,26,40,"/resource_packs/rp/entity/siluet.entity.json",
FORMATVER,630,"Info","","Entity type visuals/audio format_version",1,26,40,"/resource_packs/rp/entity/siluet_chase.entity.json",
FORMATVER,630,"Info","","Entity type visuals/audio format_version",1,26,40,"/resource_packs/rp/entity/siluet_hallucination.entity.json",
FORMATVER,630,"Info","","Entity type visuals/audio format_version",1,26,40,"/resource_packs/rp/entity/siluet_stare.entity.json",
FORMATVER,630,"Info","","Entity type visuals/audio format_version",1,26,40,"/resource_packs/rp/entity/stare.entity.json",
FORMATVER,630,"Info","","Entity type visuals/audio format_version",1,26,40,"/resource_packs/rp/entity/sub_anomaly_1.entity.json",
FORMATVER,630,"Info","","Entity type visuals/audio format_version",1,26,40,"/resource_packs/rp/entity/sub_anomaly_2.entity.json",
FORMATVER,630,"Info","","Entity type visuals/audio format_version",1,26,40,"/resource_packs/rp/entity/tether.entity.json",
FORMATVER,630,"Info","","Entity type visuals/audio format_version",1,26,40,"/resource_packs/rp/entity/the_broken_end.entity.json",
FORMATVER,630,"Info","","Entity type visuals/audio format_version",1,26,40,"/resource_packs/rp/entity/the_broken_end_ambush.entity.json",
FORMATVER,630,"Info","","Entity type visuals/audio format_version",1,26,40,"/resource_packs/rp/entity/the_broken_end_curious.entity.json",
FORMATVER,630,"Info","","Entity type visuals/audio format_version",1,26,40,"/resource_packs/rp/entity/the_broken_end_stalk.entity.json",
FORMATVER,630,"Info","","Entity type visuals/audio format_version",1,26,40,"/resource_packs/rp/entity/the_obliteration.entity.json",
FORMATVER,630,"Info","","Entity type visuals/audio format_version",1,26,40,"/resource_packs/rp/entity/the_obliteration_2.entity.json",
FORMATVER,630,"Info","","Entity type visuals/audio format_version",1,26,40,"/resource_packs/rp/entity/void_tentacle.entity.json",
FORMATVER,630,"Info","","Entity type visuals/audio format_version",1,26,40,"/resource_packs/rp/entity/xxram_2die.entity.json",
FORMATVER,631,"Info","","Fog format_version",1,16,100,"/resource_packs/rp/fogs/concrete.fog.json",
FORMATVER,631,"Info","","Fog format_version",1,16,100,"/resource_packs/rp/fogs/day_a.fog.json",
FORMATVER,631,"Info","","Fog format_version",1,16,100,"/resource_packs/rp/fogs/dysaphytic_wen.fog.json",
FORMATVER,631,"Info","","Fog format_version",1,16,100,"/resource_packs/rp/fogs/library.fog.json",
FORMATVER,631,"Info","","Fog format_version",1,16,100,"/resource_packs/rp/fogs/limbo.fog.json",
FORMATVER,631,"Info","","Fog format_version",1,16,100,"/resource_packs/rp/fogs/lucid.fog.json",
FORMATVER,631,"Info","","Fog format_version",1,16,100,"/resource_packs/rp/fogs/moon.fog.json",
FORMATVER,631,"Info","","Fog format_version",1,16,100,"/resource_packs/rp/fogs/nothing.fog.json",
FORMATVER,631,"Info","","Fog format_version",1,16,100,"/resource_packs/rp/fogs/nowhere.fog.json",
FORMATVER,631,"Info","","Fog format_version",1,16,100,"/resource_packs/rp/fogs/null_biome.fog.json",
FORMATVER,631,"Info","","Fog format_version",1,16,100,"/resource_packs/rp/fogs/protected_void.fog.json",
FORMATVER,631,"Info","","Fog format_version",1,16,100,"/resource_packs/rp/fogs/stage2.fog.json",
FORMATVER,631,"Info","","Fog format_version",1,16,100,"/resource_packs/rp/fogs/stage3.fog.json",
FORMATVER,631,"Info","","Fog format_version",1,16,100,"/resource_packs/rp/fogs/stereogenic_growth.fog.json",
FORMATVER,631,"Info","","Fog format_version",1,16,100,"/resource_packs/rp/fogs/void.fog.json",
FORMATVER,643,"Info","","Recipe format_version",1,26,40,"/behavior_packs/bp/recipes/brickmooncut_chiseled_moonstone.json",
FORMATVER,643,"Info","","Recipe format_version",1,26,40,"/behavior_packs/bp/recipes/chainmail_boots.json",
FORMATVER,643,"Info","","Recipe format_version",1,26,40,"/behavior_packs/bp/recipes/chainmail_chestplate.json",
FORMATVER,643,"Info","","Recipe format_version",1,26,40,"/behavior_packs/bp/recipes/chainmail_helmet.json",
FORMATVER,643,"Info","","Recipe format_version",1,26,40,"/behavior_packs/bp/recipes/chainmail_leggings.json",
FORMATVER,643,"Info","","Recipe format_version",1,26,40,"/behavior_packs/bp/recipes/corrupted_moonstone_bricks.json",
FORMATVER,643,"Info","","Recipe format_version",1,26,40,"/behavior_packs/bp/recipes/instabilityv2.json",
FORMATVER,643,"Info","","Recipe format_version",1,26,40,"/behavior_packs/bp/recipes/moonstone_bricks_to_slabs.json",
FORMATVER,643,"Info","","Recipe format_version",1,26,40,"/behavior_packs/bp/recipes/moonstone_to_polished.json",
FORMATVER,643,"Info","","Recipe format_version",1,26,40,"/behavior_packs/bp/recipes/moonstonebrcikcut_to_wall.json",
FORMATVER,643,"Info","","Recipe format_version",1,26,40,"/behavior_packs/bp/recipes/moonstonebrick_to_stair.json",
FORMATVER,643,"Info","","Recipe format_version",1,26,40,"/behavior_packs/bp/recipes/moonstonebrick_to_wall.json",
FORMATVER,643,"Info","","Recipe format_version",1,26,40,"/behavior_packs/bp/recipes/moonstonebrickcut_to_brickslabs.json",
FORMATVER,643,"Info","","Recipe format_version",1,26,40,"/behavior_packs/bp/recipes/moonstonebrickcut_to_brickstairs.json",
FORMATVER,643,"Info","","Recipe format_version",1,26,40,"/behavior_packs/bp/recipes/moonstonecut_to_bricks.json",
FORMATVER,643,"Info","","Recipe format_version",1,26,40,"/behavior_packs/bp/recipes/moonstonecut_to_brickslabs.json",
FORMATVER,643,"Info","","Recipe format_version",1,26,40,"/behavior_packs/bp/recipes/moonstonecut_to_brickstairs.json",
FORMATVER,643,"Info","","Recipe format_version",1,26,40,"/behavior_packs/bp/recipes/moonstonecut_to_polished.json",
FORMATVER,643,"Info","","Recipe format_version",1,26,40,"/behavior_packs/bp/recipes/moonstonecut_to_polishslabs.json",
FORMATVER,643,"Info","","Recipe format_version",1,26,40,"/behavior_packs/bp/recipes/moonstonecut_to_polishstairs.json",
FORMATVER,643,"Info","","Recipe format_version",1,26,40,"/behavior_packs/bp/recipes/moonstonecut_to_polishwall.json",
FORMATVER,643,"Info","","Recipe format_version",1,26,40,"/behavior_packs/bp/recipes/moonstonecut_to_wall.json",
FORMATVER,643,"Info","","Recipe format_version",1,26,40,"/behavior_packs/bp/recipes/notch_apple.json",
FORMATVER,643,"Info","","Recipe format_version",1,26,40,"/behavior_packs/bp/recipes/plainmooncut_chiseled_moonstone.json",
FORMATVER,643,"Info","","Recipe format_version",1,26,40,"/behavior_packs/bp/recipes/polaroid.json",
FORMATVER,643,"Info","","Recipe format_version",1,26,40,"/behavior_packs/bp/recipes/polished_moonstone_to_slabs.json",
FORMATVER,643,"Info","","Recipe format_version",1,26,40,"/behavior_packs/bp/recipes/polishedmoonstone_to_bricks.json",
FORMATVER,643,"Info","","Recipe format_version",1,26,40,"/behavior_packs/bp/recipes/polishedmoonstone_to_polishedstairs.json",
FORMATVER,643,"Info","","Recipe format_version",1,26,40,"/behavior_packs/bp/recipes/polishedmoonstone_to_stair.json",
FORMATVER,643,"Info","","Recipe format_version",1,26,40,"/behavior_packs/bp/recipes/polishedmoonstone_to_wall.json",
FORMATVER,643,"Info","","Recipe format_version",1,26,40,"/behavior_packs/bp/recipes/polishmoonstonecut_to_polishslabs.json",
FORMATVER,643,"Info","","Recipe format_version",1,26,40,"/behavior_packs/bp/recipes/polishmoonstonecut_to_wall.json",
FORMATVER,643,"Info","","Recipe format_version",1,26,40,"/behavior_packs/bp/recipes/slabbed_chiseled_moonstone.json",
FORMATVER,643,"Info","","Recipe format_version",1,26,40,"/behavior_packs/bp/recipes/void_log_door.json",
FORMATVER,643,"Info","","Recipe format_version",1,26,40,"/behavior_packs/bp/recipes/void_plank_door.json",
FORMATVER,643,"Info","","Recipe format_version",1,26,40,"/behavior_packs/bp/recipes/void_plank_stairs.json",
FORMATVER,643,"Info","","Recipe format_version",1,26,40,"/behavior_packs/bp/recipes/void_planks_from_log.json",
FORMATVER,643,"Info","","Recipe format_version",1,26,40,"/behavior_packs/bp/recipes/void_planks_from_wood.json",
FORMATVER,643,"Info","","Recipe format_version",1,26,40,"/behavior_packs/bp/recipes/void_slabs_from_planks.json",
FORMATVER,643,"Info","","Recipe format_version",1,26,40,"/behavior_packs/bp/recipes/void_wood_from_log.json",
FORMATVER,647,"Info","","Attachable format_version",1,10,0,"/resource_packs/rp/attachables/bennie_plush.json",
FORMATVER,647,"Info","","Attachable format_version",1,10,0,"/resource_packs/rp/attachables/berry_plush.json",
FORMATVER,647,"Info","","Attachable format_version",1,10,0,"/resource_packs/rp/attachables/dominik_plush.json",
FORMATVER,647,"Info","","Attachable format_version",1,10,0,"/resource_packs/rp/attachables/ebridger_plush.json",
FORMATVER,647,"Info","","Attachable format_version",1,10,0,"/resource_packs/rp/attachables/elderly_plush.json",
FORMATVER,647,"Info","","Attachable format_version",1,10,0,"/resource_packs/rp/attachables/eldritch_plush.json",
FORMATVER,647,"Info","","Attachable format_version",1,10,0,"/resource_packs/rp/attachables/eyae_plush.json",
FORMATVER,647,"Info","","Attachable format_version",1,10,0,"/resource_packs/rp/attachables/garreth_plush.json",
FORMATVER,647,"Info","","Attachable format_version",1,10,0,"/resource_packs/rp/attachables/hermit_plush.json",
FORMATVER,647,"Info","","Attachable format_version",1,10,0,"/resource_packs/rp/attachables/jd_plush.json",
FORMATVER,647,"Info","","Attachable format_version",1,10,0,"/resource_packs/rp/attachables/lost_plush.json",
FORMATVER,647,"Info","","Attachable format_version",1,10,0,"/resource_packs/rp/attachables/lovemist_plush.json",
FORMATVER,647,"Info","","Attachable format_version",1,10,0,"/resource_packs/rp/attachables/mc_plush.json",
FORMATVER,647,"Info","","Attachable format_version",1,10,0,"/resource_packs/rp/attachables/moji_plush.json",
FORMATVER,647,"Info","","Attachable format_version",1,10,0,"/resource_packs/rp/attachables/nahbro_plush.json",
FORMATVER,647,"Info","","Attachable format_version",1,10,0,"/resource_packs/rp/attachables/pyrit_plush.json",
FORMATVER,647,"Info","","Attachable format_version",1,10,0,"/resource_packs/rp/attachables/raevant_plush.json",
FORMATVER,647,"Info","","Attachable format_version",1,10,0,"/resource_packs/rp/attachables/rdh_plush.json",
FORMATVER,647,"Info","","Attachable format_version",1,10,0,"/resource_packs/rp/attachables/redstone_plush.json",
FORMATVER,647,"Info","","Attachable format_version",1,10,0,"/resource_packs/rp/attachables/shadow_plush.json",
FORMATVER,647,"Info","","Attachable format_version",1,10,0,"/resource_packs/rp/attachables/skie_plush.json",
FORMATVER,647,"Info","","Attachable format_version",1,10,0,"/resource_packs/rp/attachables/stevelocks_plush.json",
FORMATVER,647,"Info","","Attachable format_version",1,10,0,"/resource_packs/rp/attachables/tekkit_plush.json",
FORMATVER,647,"Info","","Attachable format_version",1,10,0,"/resource_packs/rp/attachables/wendigo_plush.json",
FORMATVER,647,"Info","","Attachable format_version",1,10,0,"/resource_packs/rp/attachables/yharim_plush.json",
FORMATVER,647,"Info","","Attachable format_version",1,10,0,"/resource_packs/rp/attachables/zetos_plush.json",
GEOFMT,1,"Test success","","Geometry Format completed successfully",,"",
GEOMETRY,1,"Test success","","Model Geometry Validation completed successfully",,"",
ITEMS,1,"Test success","","Minimum Definition of a Pack completed successfully",,"",
ITEMS,102,"Info","","Behavior pack manifest found",,"/behavior_packs/bp/manifest.json",
ITEMS,103,"Info","","Resource pack manifest found",,"/resource_packs/rp/manifest.json",
ITEMS,202,"Info","","JavaScript item count",121,"",
ITEMS,204,"Info","","Structure item count",26,"",
ITEMS,205,"Info","","Behavior pack manifest item count",1,"",
ITEMS,206,"Info","","General json file item count",16,"",
ITEMS,210,"Info","","Entity type item count",69,"",
ITEMS,214,"Info","","Resource pack manifest item count",1,"",
ITEMS,221,"Info","","Block type item count",151,"",
ITEMS,223,"Info","","Item type item count",79,"",
ITEMS,224,"Info","","Loot table item count",154,"",
ITEMS,227,"Info","","Sound catalog item count",1,"",
ITEMS,228,"Info","","Animation item count",35,"",
ITEMS,230,"Info","","Entity type visuals/audio item count",69,"",
ITEMS,231,"Info","","Fog item count",15,"",
ITEMS,232,"Info","","Model item count",144,"",
ITEMS,233,"Info","","Particle item count",11,"",
ITEMS,234,"Info","","Render controller item count",2,"",
ITEMS,235,"Info","","Nine-slice scaling config item count",6,"",
ITEMS,236,"Info","","User interface item count",4,"",
ITEMS,237,"Info","","Language catalog item count",2,"",
ITEMS,238,"Info","","Biome item count",15,"",
ITEMS,243,"Info","","Recipe item count",40,"",
ITEMS,247,"Info","","Attachable item count",26,"",
ITEMS,251,"Info","","Sound catalog item count",1,"",
ITEMS,279,"Info","","Language translations item count",2,"",
ITEMS,288,"Info","","Lighting item count",1,"",
ITEMS,291,"Info","","Flipbook texture set item count",1,"",
ITEMS,292,"Info","","Item texture item count",1,"",
ITEMS,293,"Info","","Terrain texture item count",1,"",
ITEMS,296,"Info","","Dimension item count",13,"",
ITEMS,299,"Info","","Texture item count",221,"",
ITEMS,302,"Info","","UI texture item count",71,"",
ITEMS,303,"Info","","Icon item count",2,"",
ITEMS,308,"Info","","Audio item count",181,"",
ITEMS,309,"Info","","Behavior pack folder item count",1,"",
ITEMS,310,"Info","","Resource pack folder item count",1,"",
ITEMS,332,"Info","","Color Grading item count",1,"",
ITEMS,333,"Info","","Atmospherics item count",1,"",
ITEMS,337,"Info","","Shadow item count",1,"",
ITEMS,341,"Info","","Jigsaw Template Pool item count",3,"",
ITEMTYPE,1,"Test success","","Item Type completed successfully",,"",
ITEMTYPE,130,"Recommendation","","Behavior pack item type format version (1.26.40) has a lower patch version number compared to current version",,"/behavior_packs/bp/items/attribute_mutilation.json",
ITEMTYPE,130,"Recommendation","","Behavior pack item type format version (1.26.40) has a lower patch version number compared to current version",,"/behavior_packs/bp/items/bennie_cod.json",
ITEMTYPE,130,"Recommendation","","Behavior pack item type format version (1.26.40) has a lower patch version number compared to current version",,"/behavior_packs/bp/items/bennie_plush.json",
ITEMTYPE,130,"Recommendation","","Behavior pack item type format version (1.26.40) has a lower patch version number compared to current version",,"/behavior_packs/bp/items/berry_plush.json",
ITEMTYPE,130,"Recommendation","","Behavior pack item type format version (1.26.40) has a lower patch version number compared to current version",,"/behavior_packs/bp/items/book.json",
ITEMTYPE,130,"Recommendation","","Behavior pack item type format version (1.26.40) has a lower patch version number compared to current version",,"/behavior_packs/bp/items/circuit_bread.json",
ITEMTYPE,130,"Recommendation","","Behavior pack item type format version (1.26.40) has a lower patch version number compared to current version",,"/behavior_packs/bp/items/circuit_cave_painting.json",
ITEMTYPE,130,"Recommendation","","Behavior pack item type format version (1.26.40) has a lower patch version number compared to current version",,"/behavior_packs/bp/items/corrupt_ebridger_cod.json",
ITEMTYPE,130,"Recommendation","","Behavior pack item type format version (1.26.40) has a lower patch version number compared to current version",,"/behavior_packs/bp/items/credits.json",
ITEMTYPE,130,"Recommendation","","Behavior pack item type format version (1.26.40) has a lower patch version number compared to current version",,"/behavior_packs/bp/items/desyncer.json",
ITEMTYPE,130,"Recommendation","","Behavior pack item type format version (1.26.40) has a lower patch version number compared to current version",,"/behavior_packs/bp/items/dominik_cod.json",
ITEMTYPE,130,"Recommendation","","Behavior pack item type format version (1.26.40) has a lower patch version number compared to current version",,"/behavior_packs/bp/items/dominik_plush.json",
ITEMTYPE,130,"Recommendation","","Behavior pack item type format version (1.26.40) has a lower patch version number compared to current version",,"/behavior_packs/bp/items/ebridger_cod.json",
ITEMTYPE,130,"Recommendation","","Behavior pack item type format version (1.26.40) has a lower patch version number compared to current version",,"/behavior_packs/bp/items/ebridger_plush.json",
ITEMTYPE,130,"Recommendation","","Behavior pack item type format version (1.26.40) has a lower patch version number compared to current version",,"/behavior_packs/bp/items/elderly_plush.json",
ITEMTYPE,130,"Recommendation","","Behavior pack item type format version (1.26.40) has a lower patch version number compared to current version",,"/behavior_packs/bp/items/eldritch_cod.json",
ITEMTYPE,130,"Recommendation","","Behavior pack item type format version (1.26.40) has a lower patch version number compared to current version",,"/behavior_packs/bp/items/eldritch_plush.json",
ITEMTYPE,130,"Recommendation","","Behavior pack item type format version (1.26.40) has a lower patch version number compared to current version",,"/behavior_packs/bp/items/evil_codstone_cod.json",
ITEMTYPE,130,"Recommendation","","Behavior pack item type format version (1.26.40) has a lower patch version number compared to current version",,"/behavior_packs/bp/items/eyae_cod.json",
ITEMTYPE,130,"Recommendation","","Behavior pack item type format version (1.26.40) has a lower patch version number compared to current version",,"/behavior_packs/bp/items/eyae_plush.json",
ITEMTYPE,130,"Recommendation","","Behavior pack item type format version (1.26.40) has a lower patch version number compared to current version",,"/behavior_packs/bp/items/faraway_salmon.json",
ITEMTYPE,130,"Recommendation","","Behavior pack item type format version (1.26.40) has a lower patch version number compared to current version",,"/behavior_packs/bp/items/garreth_cod.json",
ITEMTYPE,130,"Recommendation","","Behavior pack item type format version (1.26.40) has a lower patch version number compared to current version",,"/behavior_packs/bp/items/garreth_plush.json",
ITEMTYPE,130,"Recommendation","","Behavior pack item type format version (1.26.40) has a lower patch version number compared to current version",,"/behavior_packs/bp/items/glaggle.json",
ITEMTYPE,130,"Recommendation","","Behavior pack item type format version (1.26.40) has a lower patch version number compared to current version",,"/behavior_packs/bp/items/gore.json",
ITEMTYPE,130,"Recommendation","","Behavior pack item type format version (1.26.40) has a lower patch version number compared to current version",,"/behavior_packs/bp/items/hand_cannon.json",
ITEMTYPE,130,"Recommendation","","Behavior pack item type format version (1.26.40) has a lower patch version number compared to current version",,"/behavior_packs/bp/items/hermit_plush.json",
ITEMTYPE,130,"Recommendation","","Behavior pack item type format version (1.26.40) has a lower patch version number compared to current version",,"/behavior_packs/bp/items/instability.json",
ITEMTYPE,130,"Recommendation","","Behavior pack item type format version (1.26.40) has a lower patch version number compared to current version",,"/behavior_packs/bp/items/instability_music_box.json",
ITEMTYPE,130,"Recommendation","","Behavior pack item type format version (1.26.40) has a lower patch version number compared to current version",,"/behavior_packs/bp/items/instabilityv2.json",
ITEMTYPE,130,"Recommendation","","Behavior pack item type format version (1.26.40) has a lower patch version number compared to current version",,"/behavior_packs/bp/items/instabilityv3.json",
ITEMTYPE,130,"Recommendation","","Behavior pack item type format version (1.26.40) has a lower patch version number compared to current version",,"/behavior_packs/bp/items/integrity_fireball.json",
ITEMTYPE,130,"Recommendation","","Behavior pack item type format version (1.26.40) has a lower patch version number compared to current version",,"/behavior_packs/bp/items/jd_cod.json",
ITEMTYPE,130,"Recommendation","","Behavior pack item type format version (1.26.40) has a lower patch version number compared to current version",,"/behavior_packs/bp/items/jd_plush.json",
ITEMTYPE,130,"Recommendation","","Behavior pack item type format version (1.26.40) has a lower patch version number compared to current version",,"/behavior_packs/bp/items/lilly.json",
ITEMTYPE,130,"Recommendation","","Behavior pack item type format version (1.26.40) has a lower patch version number compared to current version",,"/behavior_packs/bp/items/lilly_v2.json",
ITEMTYPE,130,"Recommendation","","Behavior pack item type format version (1.26.40) has a lower patch version number compared to current version",,"/behavior_packs/bp/items/lost_need_cod.json",
ITEMTYPE,130,"Recommendation","","Behavior pack item type format version (1.26.40) has a lower patch version number compared to current version",,"/behavior_packs/bp/items/lost_plush.json",
ITEMTYPE,130,"Recommendation","","Behavior pack item type format version (1.26.40) has a lower patch version number compared to current version",,"/behavior_packs/bp/items/lovemist_plush.json",
ITEMTYPE,130,"Recommendation","","Behavior pack item type format version (1.26.40) has a lower patch version number compared to current version",,"/behavior_packs/bp/items/mc_plush.json",
ITEMTYPE,130,"Recommendation","","Behavior pack item type format version (1.26.40) has a lower patch version number compared to current version",,"/behavior_packs/bp/items/moji_plush.json",
ITEMTYPE,130,"Recommendation","","Behavior pack item type format version (1.26.40) has a lower patch version number compared to current version",,"/behavior_packs/bp/items/n.json",
ITEMTYPE,130,"Recommendation","","Behavior pack item type format version (1.26.40) has a lower patch version number compared to current version",,"/behavior_packs/bp/items/nahbro_plush.json",
ITEMTYPE,130,"Recommendation","","Behavior pack item type format version (1.26.40) has a lower patch version number compared to current version",,"/behavior_packs/bp/items/null.json",
ITEMTYPE,130,"Recommendation","","Behavior pack item type format version (1.26.40) has a lower patch version number compared to current version",,"/behavior_packs/bp/items/null_bread.json",
ITEMTYPE,130,"Recommendation","","Behavior pack item type format version (1.26.40) has a lower patch version number compared to current version",,"/behavior_packs/bp/items/null_cod.json",
ITEMTYPE,130,"Recommendation","","Behavior pack item type format version (1.26.40) has a lower patch version number compared to current version",,"/behavior_packs/bp/items/pencil_cod.json",
ITEMTYPE,130,"Recommendation","","Behavior pack item type format version (1.26.40) has a lower patch version number compared to current version",,"/behavior_packs/bp/items/piece_1.json",
ITEMTYPE,130,"Recommendation","","Behavior pack item type format version (1.26.40) has a lower patch version number compared to current version",,"/behavior_packs/bp/items/piece_2.json",
ITEMTYPE,130,"Recommendation","","Behavior pack item type format version (1.26.40) has a lower patch version number compared to current version",,"/behavior_packs/bp/items/piece_3.json",
ITEMTYPE,130,"Recommendation","","Behavior pack item type format version (1.26.40) has a lower patch version number compared to current version",,"/behavior_packs/bp/items/piece_4.json",
ITEMTYPE,130,"Recommendation","","Behavior pack item type format version (1.26.40) has a lower patch version number compared to current version",,"/behavior_packs/bp/items/piece_5.json",
ITEMTYPE,130,"Recommendation","","Behavior pack item type format version (1.26.40) has a lower patch version number compared to current version",,"/behavior_packs/bp/items/polaroid.json",
ITEMTYPE,130,"Recommendation","","Behavior pack item type format version (1.26.40) has a lower patch version number compared to current version",,"/behavior_packs/bp/items/polaroid_frame.json",
ITEMTYPE,130,"Recommendation","","Behavior pack item type format version (1.26.40) has a lower patch version number compared to current version",,"/behavior_packs/bp/items/portal_linker.json",
ITEMTYPE,130,"Recommendation","","Behavior pack item type format version (1.26.40) has a lower patch version number compared to current version",,"/behavior_packs/bp/items/pyrit_plush.json",
ITEMTYPE,130,"Recommendation","","Behavior pack item type format version (1.26.40) has a lower patch version number compared to current version",,"/behavior_packs/bp/items/raevant_plush.json",
ITEMTYPE,130,"Recommendation","","Behavior pack item type format version (1.26.40) has a lower patch version number compared to current version",,"/behavior_packs/bp/items/rdh_plush.json",
ITEMTYPE,130,"Recommendation","","Behavior pack item type format version (1.26.40) has a lower patch version number compared to current version",,"/behavior_packs/bp/items/record_14.json",
ITEMTYPE,130,"Recommendation","","Behavior pack item type format version (1.26.40) has a lower patch version number compared to current version",,"/behavior_packs/bp/items/record_15.json",
ITEMTYPE,130,"Recommendation","","Behavior pack item type format version (1.26.40) has a lower patch version number compared to current version",,"/behavior_packs/bp/items/record_16.json",
ITEMTYPE,130,"Recommendation","","Behavior pack item type format version (1.26.40) has a lower patch version number compared to current version",,"/behavior_packs/bp/items/record_17.json",
ITEMTYPE,130,"Recommendation","","Behavior pack item type format version (1.26.40) has a lower patch version number compared to current version",,"/behavior_packs/bp/items/redstone_cod.json",
ITEMTYPE,130,"Recommendation","","Behavior pack item type format version (1.26.40) has a lower patch version number compared to current version",,"/behavior_packs/bp/items/redstone_plush.json",
ITEMTYPE,130,"Recommendation","","Behavior pack item type format version (1.26.40) has a lower patch version number compared to current version",,"/behavior_packs/bp/items/revuxorfish.json",
ITEMTYPE,130,"Recommendation","","Behavior pack item type format version (1.26.40) has a lower patch version number compared to current version",,"/behavior_packs/bp/items/shadow_plush.json",
ITEMTYPE,130,"Recommendation","","Behavior pack item type format version (1.26.40) has a lower patch version number compared to current version",,"/behavior_packs/bp/items/shadowmaster_cod.json",
ITEMTYPE,130,"Recommendation","","Behavior pack item type format version (1.26.40) has a lower patch version number compared to current version",,"/behavior_packs/bp/items/skie_plush.json",
ITEMTYPE,130,"Recommendation","","Behavior pack item type format version (1.26.40) has a lower patch version number compared to current version",,"/behavior_packs/bp/items/stevelocks_plush.json",
ITEMTYPE,130,"Recommendation","","Behavior pack item type format version (1.26.40) has a lower patch version number compared to current version",,"/behavior_packs/bp/items/tekkit_cod.json",
ITEMTYPE,130,"Recommendation","","Behavior pack item type format version (1.26.40) has a lower patch version number compared to current version",,"/behavior_packs/bp/items/tekkit_plush.json",
ITEMTYPE,130,"Recommendation","","Behavior pack item type format version (1.26.40) has a lower patch version number compared to current version",,"/behavior_packs/bp/items/torn_paper.json",
ITEMTYPE,130,"Recommendation","","Behavior pack item type format version (1.26.40) has a lower patch version number compared to current version",,"/behavior_packs/bp/items/v1_cod.json",
ITEMTYPE,130,"Recommendation","","Behavior pack item type format version (1.26.40) has a lower patch version number compared to current version",,"/behavior_packs/bp/items/v2_cod.json",
ITEMTYPE,130,"Recommendation","","Behavior pack item type format version (1.26.40) has a lower patch version number compared to current version",,"/behavior_packs/bp/items/void_liquid_bucket.json",
ITEMTYPE,130,"Recommendation","","Behavior pack item type format version (1.26.40) has a lower patch version number compared to current version",,"/behavior_packs/bp/items/wendigo_plush.json",
ITEMTYPE,130,"Recommendation","","Behavior pack item type format version (1.26.40) has a lower patch version number compared to current version",,"/behavior_packs/bp/items/yharim_plush.json",
ITEMTYPE,130,"Recommendation","","Behavior pack item type format version (1.26.40) has a lower patch version number compared to current version",,"/behavior_packs/bp/items/zetos_cod.json",
ITEMTYPE,130,"Recommendation","","Behavior pack item type format version (1.26.40) has a lower patch version number compared to current version",,"/behavior_packs/bp/items/zetos_plush.json",
JSON,1,"Test success","","JSON Schema Validation completed successfully",,"",
JSON,114,"Warning","","Structure issue","In 'subpacks[0]': {'folder_name':'clean_tape','n... - object value found, but a string is required","/resource_packs/rp/manifest.json",
JSON,114,"Warning","","Structure issue","In 'subpacks[1]': {'folder_name':'damaged_lp','n... - object value found, but a string is required","/resource_packs/rp/manifest.json",
JSON,114,"Warning","","Structure issue","In 'subpacks[2]': {'folder_name':'severe_trackin... - object value found, but a string is required","/resource_packs/rp/manifest.json",
JSON,114,"Warning","","Structure issue","In 'subpacks[3]': {'folder_name':'worn_sp','name... - object value found, but a string is required","/resource_packs/rp/manifest.json",
JSON,1110,"Info","","Entity type is not at a current format version",,"/behavior_packs/bp/entities/circuit_cave_painting.json",
JSON,1128,"Info","","Animation is not at a current format version (is at 1.10.0)",,"/resource_packs/rp/animations/brokenendoverhaul.animation.json",
JSON,1128,"Info","","Animation is not at a current format version (is at 1.10.0)",,"/resource_packs/rp/animations/chord.animation.json",
JSON,1128,"Info","","Animation is not at a current format version (is at 1.8.0)",,"/resource_packs/rp/animations/chord_projectile.animation.json",
JSON,1128,"Info","","Animation is not at a current format version (is at 1.10.0)",,"/resource_packs/rp/animations/circy.animation.json",
JSON,1128,"Info","","Animation is not at a current format version (is at 1.10.0)",,"/resource_packs/rp/animations/curved.animation.json",
JSON,1128,"Info","","Animation is not at a current format version (is at 1.10.0)",,"/resource_packs/rp/animations/deprivation.animation.json",
JSON,1128,"Info","","Animation is not at a current format version (is at 1.10.0)",,"/resource_packs/rp/animations/desintegration.animation.json",
JSON,1128,"Info","","Animation is not at a current format version (is at 1.10.0)",,"/resource_packs/rp/animations/error5v2.animation.json",
JSON,1128,"Info","","Animation is not at a current format version (is at 1.10.0)",,"/resource_packs/rp/animations/fever.animation.json",
JSON,1128,"Info","","Animation is not at a current format version (is at 1.10.0)",,"/resource_packs/rp/animations/fractured.animation.json",
JSON,1128,"Info","","Animation is not at a current format version (is at 1.10.0)",,"/resource_packs/rp/animations/hetzer.animation.json",
JSON,1128,"Info","","Animation is not at a current format version (is at 1.10.0)",,"/resource_packs/rp/animations/hetzerfixed.animation.json",
JSON,1128,"Info","","Animation is not at a current format version (is at 1.10.0)",,"/resource_packs/rp/animations/integrity.animation.json",
JSON,1128,"Info","","Animation is not at a current format version (is at 1.10.0)",,"/resource_packs/rp/animations/integrity_curious.animation.json",
JSON,1128,"Info","","Animation is not at a current format version (is at 1.10.0)",,"/resource_packs/rp/animations/integrity_phase1.animation.json",
JSON,1128,"Info","","Animation is not at a current format version (is at 1.10.0)",,"/resource_packs/rp/animations/integrity_phase2.animation.json",
JSON,1128,"Info","","Animation is not at a current format version (is at 1.10.0)",,"/resource_packs/rp/animations/integrity_phase3.animation.json",
JSON,1128,"Info","","Animation is not at a current format version (is at 1.10.0)",,"/resource_packs/rp/animations/integritywip.animation.json",
JSON,1128,"Info","","Animation is not at a current format version (is at 1.10.0)",,"/resource_packs/rp/animations/ip3_ground_arm.animation.json",
JSON,1128,"Info","","Animation is not at a current format version (is at 1.10.0)",,"/resource_packs/rp/animations/jon.animation.json",
JSON,1128,"Info","","Animation is not at a current format version (is at 1.10.0)",,"/resource_packs/rp/animations/murderfur.animation.json",
JSON,1128,"Info","","Animation is not at a current format version (is at 1.10.0)",,"/resource_packs/rp/animations/notexture.animation.json",
JSON,1128,"Info","","Animation is not at a current format version (is at 1.10.0)",,"/resource_packs/rp/animations/nothing_watcher.animation.json",
JSON,1128,"Info","","Animation is not at a current format version (is at 1.10.0)",,"/resource_packs/rp/animations/obliteration2.animation.json",
JSON,1128,"Info","","Animation is not at a current format version (is at 1.10.0)",,"/resource_packs/rp/animations/plush.animation.json",
JSON,1128,"Info","","Animation is not at a current format version (is at 1.10.0)",,"/resource_packs/rp/animations/ram2die.animation.json",
JSON,1128,"Info","","Animation is not at a current format version (is at 1.10.0)",,"/resource_packs/rp/animations/revuxor.animation.json",
JSON,1128,"Info","","Animation is not at a current format version (is at 1.10.0)",,"/resource_packs/rp/animations/sub_anom_2.animation.json",
JSON,1128,"Info","","Animation is not at a current format version (is at 1.10.0)",,"/resource_packs/rp/animations/tbe_ambush.animation.json",
JSON,1128,"Info","","Animation is not at a current format version (is at 1.10.0)",,"/resource_packs/rp/animations/tbe_overhaulv4.animation.json",
JSON,1128,"Info","","Animation is not at a current format version (is at 1.10.0)",,"/resource_packs/rp/animations/tentacle_swipe.json",
JSON,1128,"Info","","Animation is not at a current format version (is at 1.10.0)",,"/resource_packs/rp/animations/tentacle_swipe_only.json",
JSON,1128,"Info","","Animation is not at a current format version (is at 1.10.0)",,"/resource_packs/rp/animations/tether.animation.json",
JSON,1128,"Info","","Animation is not at a current format version (is at 1.10.0)",,"/resource_packs/rp/animations/triangle.animation.json",
JSON,1128,"Info","","Animation is not at a current format version (is at 1.10.0)",,"/resource_packs/rp/animations/void_tentacle.animation.json",
JSONF,1,"Test success","","JSON Structure completed successfully",,"",
JSONF,110,"Warning","","At minecraft:lighting_settings.ambient.color, data does not match any one of the expected types: Data '{'0.000000':'#B9B4D8','0.500000':'#7F7AA8','1.000000':'#B9B4...' is an object, which does not match type 'String'.Data '{'0.000000':'#B9B4D8','0.500000':'#7F7AA8','1.000000':'#B9B4...' is an object, which does not match type 'Array of numbers'.",,"/resource_packs/rp/lighting/global.json",
JSONF,110,"Warning","","At minecraft:lighting_settings.ambient.illuminance, data does not match expected type. Data '{'0.000000':0.018,'0.500000':0.01,'1.000000':0.018}' is an object, which does not match type 'Decimal number'.",,"/resource_packs/rp/lighting/global.json",
JSONF,110,"Warning","","At minecraft:lighting_settings.sky.intensity, data does not match expected type. Data '{'0.000000':0.82,'0.500000':0.62,'1.000000':0.82}' is an object, which does not match type 'Decimal number'.",,"/resource_packs/rp/lighting/global.json",
JSONF,112,"Warning","","At minecraft:entity.components.minecraft:attack.damage, value 200 is above maximum value 50.",,"/behavior_packs/bp/entities/fever_stalk.json",
JSONF,112,"Warning","","At minecraft:entity.components.minecraft:attack.damage, value 313 is above maximum value 50.",,"/behavior_packs/bp/entities/null_is_here.json",
JSONF,112,"Warning","","At minecraft:entity.components.minecraft:attack.damage, value 313 is above maximum value 50.",,"/behavior_packs/bp/entities/null_unbeatable_bossfight.json",
JSONF,112,"Warning","","At minecraft:entity.components.minecraft:attack.damage, value 63 is above maximum value 50.",,"/behavior_packs/bp/entities/null_watching.json",
JSONF,112,"Warning","","At minecraft:entity.components.minecraft:attack.damage, value 600 is above maximum value 50.",,"/behavior_packs/bp/entities/the_broken_end.json",
JSONF,112,"Warning","","At minecraft:entity.components.minecraft:attack.damage, value 600 is above maximum value 50.",,"/behavior_packs/bp/entities/the_broken_end_ambush.json",
JSONTAGS,1,"Test success","","JSON Tags completed successfully",,"",
JSONTAGS,101,"Info","","Entity file","/behavior_packs/bp/entities/ban.json","/behavior_packs/bp/entities/ban.json",defaultComponents minecraftTypeFamily,1,defaultComponents minecraftHealth,1,defaultComponents minecraftMovement,1,defaultComponents minecraftAttack,1,defaultComponents minecraftFollowRange,1,defaultComponents minecraftCollisionBox,1,defaultComponents minecraftPhysics,1,defaultComponents minecraftPushThrough,1,defaultComponents minecraftPersistent,1,defaultComponents minecraftExperienceReward,1,defaultComponents minecraftBreathable,1,defaultComponents minecraftFireImmune,1,
JSONTAGS,101,"Info","","Entity file","/behavior_packs/bp/entities/chord.json","/behavior_packs/bp/entities/chord.json",defaultComponents minecraftTypeFamily,1,defaultComponents minecraftHealth,1,defaultComponents minecraftMovement,1,defaultComponents minecraftAttack,1,defaultComponents minecraftFollowRange,1,defaultComponents minecraftCollisionBox,1,defaultComponents minecraftPhysics,1,defaultComponents minecraftPushThrough,1,defaultComponents minecraftPersistent,1,defaultComponents minecraftExperienceReward,1,defaultComponents minecraftBreathable,1,defaultComponents minecraftKnockbackResistance,1,defaultComponents minecraftFireImmune,1,
JSONTAGS,101,"Info","","Entity file","/behavior_packs/bp/entities/chord_projectile.json","/behavior_packs/bp/entities/chord_projectile.json",defaultComponents minecraftTypeFamily,1,defaultComponents minecraftHealth,1,defaultComponents minecraftMovement,1,defaultComponents minecraftAttack,1,defaultComponents minecraftFollowRange,1,defaultComponents minecraftCollisionBox,1,defaultComponents minecraftPhysics,1,defaultComponents minecraftPushThrough,1,defaultComponents minecraftExperienceReward,1,defaultComponents minecraftBreathable,1,defaultComponents minecraftKnockbackResistance,1,defaultComponents minecraftFireImmune,1,componentsUsedInComponentGroups minecraftPhysics,1,entityEvents add,1,
JSONTAGS,101,"Info","","Entity file","/behavior_packs/bp/entities/chunk_remover.json","/behavior_packs/bp/entities/chunk_remover.json",defaultComponents minecraftTypeFamily,1,defaultComponents minecraftHealth,1,defaultComponents minecraftMovement,1,defaultComponents minecraftAttack,1,defaultComponents minecraftFollowRange,1,defaultComponents minecraftCollisionBox,1,defaultComponents minecraftPhysics,1,defaultComponents minecraftPushThrough,1,defaultComponents minecraftPersistent,1,defaultComponents minecraftExperienceReward,1,defaultComponents minecraftBreathable,1,defaultComponents minecraftFireImmune,1,
JSONTAGS,101,"Info","","Entity file","/behavior_packs/bp/entities/circuit.json","/behavior_packs/bp/entities/circuit.json",defaultComponents minecraftTypeFamily,1,defaultComponents minecraftHealth,1,defaultComponents minecraftMovement,1,defaultComponents minecraftAttack,1,defaultComponents minecraftFollowRange,1,defaultComponents minecraftCollisionBox,1,defaultComponents minecraftPhysics,1,defaultComponents minecraftPushThrough,1,defaultComponents minecraftExperienceReward,1,defaultComponents minecraftPersistent,1,defaultComponents minecraftBreathable,1,defaultComponents minecraftNavigationWalk,1,defaultComponents minecraftMovementBasic,1,defaultComponents minecraftBehaviorNearestAttackableTarget,1,defaultComponents minecraftBehaviorMeleeAttack,1,defaultComponents minecraftBehaviorRandomStroll,1,defaultComponents minecraftBehaviorRandomLookAround,1,defaultComponents minecraftKnockbackResistance,1,defaultComponents minecraftFireImmune,1,
JSONTAGS,101,"Info","","Entity file","/behavior_packs/bp/entities/circuit_cave_painting.json","/behavior_packs/bp/entities/circuit_cave_painting.json",defaultComponents minecraftCollisionBox,1,defaultComponents minecraftHealth,1,defaultComponents minecraftPhysics,1,defaultComponents minecraftKnockbackResistance,1,defaultComponents minecraftPersistent,1,
JSONTAGS,101,"Info","","Entity file","/behavior_packs/bp/entities/circuit_mineshaft_flee.json","/behavior_packs/bp/entities/circuit_mineshaft_flee.json",defaultComponents minecraftMovement,1,defaultComponents minecraftFollowRange,1,defaultComponents minecraftPushThrough,1,defaultComponents minecraftAttack,1,defaultComponents minecraftBreathable,1,defaultComponents minecraftPersistent,1,defaultComponents minecraftPhysics,1,defaultComponents minecraftExperienceReward,1,defaultComponents minecraftTypeFamily,1,defaultComponents minecraftCollisionBox,1,defaultComponents minecraftHealth,1,defaultComponents minecraftFireImmune,1,
JSONTAGS,101,"Info","","Entity file","/behavior_packs/bp/entities/circuit_mineshaft_stare.json","/behavior_packs/bp/entities/circuit_mineshaft_stare.json",defaultComponents minecraftMovement,1,defaultComponents minecraftFollowRange,1,defaultComponents minecraftPushThrough,1,defaultComponents minecraftAttack,1,defaultComponents minecraftBreathable,1,defaultComponents minecraftPersistent,1,defaultComponents minecraftPhysics,1,defaultComponents minecraftExperienceReward,1,defaultComponents minecraftTypeFamily,1,defaultComponents minecraftCollisionBox,1,defaultComponents minecraftHealth,1,defaultComponents minecraftFireImmune,1,
JSONTAGS,101,"Info","","Entity file","/behavior_packs/bp/entities/circuit_mineshaft_walk.json","/behavior_packs/bp/entities/circuit_mineshaft_walk.json",defaultComponents minecraftMovement,1,defaultComponents minecraftFollowRange,1,defaultComponents minecraftPushThrough,1,defaultComponents minecraftAttack,1,defaultComponents minecraftBreathable,1,defaultComponents minecraftPersistent,1,defaultComponents minecraftPhysics,1,defaultComponents minecraftExperienceReward,1,defaultComponents minecraftTypeFamily,1,defaultComponents minecraftCollisionBox,1,defaultComponents minecraftHealth,1,defaultComponents minecraftFireImmune,1,
JSONTAGS,101,"Info","","Entity file","/behavior_packs/bp/entities/circuit_stalk.json","/behavior_packs/bp/entities/circuit_stalk.json",defaultComponents minecraftMovement,1,defaultComponents minecraftFollowRange,1,defaultComponents minecraftPushThrough,1,defaultComponents minecraftAttack,1,defaultComponents minecraftBreathable,1,defaultComponents minecraftPersistent,1,defaultComponents minecraftPhysics,1,defaultComponents minecraftExperienceReward,1,defaultComponents minecraftTypeFamily,1,defaultComponents minecraftCollisionBox,1,defaultComponents minecraftHealth,1,defaultComponents minecraftFireImmune,1,
JSONTAGS,101,"Info","","Entity file","/behavior_packs/bp/entities/circuit_stare.json","/behavior_packs/bp/entities/circuit_stare.json",defaultComponents minecraftMovement,1,defaultComponents minecraftFollowRange,1,defaultComponents minecraftPushThrough,1,defaultComponents minecraftAttack,1,defaultComponents minecraftBreathable,1,defaultComponents minecraftPersistent,1,defaultComponents minecraftPhysics,1,defaultComponents minecraftExperienceReward,1,defaultComponents minecraftTypeFamily,1,defaultComponents minecraftCollisionBox,1,defaultComponents minecraftHealth,1,defaultComponents minecraftFireImmune,1,
JSONTAGS,101,"Info","","Entity file","/behavior_packs/bp/entities/corruption.json","/behavior_packs/bp/entities/corruption.json",defaultComponents minecraftTypeFamily,1,defaultComponents minecraftHealth,1,defaultComponents minecraftMovement,1,defaultComponents minecraftAttack,1,defaultComponents minecraftFollowRange,1,defaultComponents minecraftCollisionBox,1,defaultComponents minecraftPhysics,1,defaultComponents minecraftPushThrough,1,defaultComponents minecraftPersistent,1,defaultComponents minecraftExperienceReward,1,defaultComponents minecraftBreathable,1,defaultComponents minecraftFireImmune,1,
JSONTAGS,101,"Info","","Entity file","/behavior_packs/bp/entities/curved.json","/behavior_packs/bp/entities/curved.json",defaultComponents minecraftTypeFamily,1,defaultComponents minecraftHealth,1,defaultComponents minecraftMovement,1,defaultComponents minecraftAttack,1,defaultComponents minecraftFollowRange,1,defaultComponents minecraftCollisionBox,1,defaultComponents minecraftPhysics,1,defaultComponents minecraftPushThrough,1,defaultComponents minecraftPersistent,1,defaultComponents minecraftExperienceReward,1,defaultComponents minecraftBreathable,1,defaultComponents minecraftFireImmune,1,defaultComponents minecraftKnockbackResistance,1,
JSONTAGS,101,"Info","","Entity file","/behavior_packs/bp/entities/deceiver.json","/behavior_packs/bp/entities/deceiver.json",defaultComponents minecraftTypeFamily,1,defaultComponents minecraftHealth,1,defaultComponents minecraftMovement,1,defaultComponents minecraftAttack,1,defaultComponents minecraftFollowRange,1,defaultComponents minecraftCollisionBox,1,defaultComponents minecraftPhysics,1,defaultComponents minecraftPushThrough,1,defaultComponents minecraftPersistent,1,defaultComponents minecraftExperienceReward,1,defaultComponents minecraftBreathable,1,defaultComponents minecraftFireImmune,1,
JSONTAGS,101,"Info","","Entity file","/behavior_packs/bp/entities/eerie_noise.json","/behavior_packs/bp/entities/eerie_noise.json",defaultComponents minecraftTypeFamily,1,defaultComponents minecraftHealth,1,defaultComponents minecraftMovement,1,defaultComponents minecraftAttack,1,defaultComponents minecraftFollowRange,1,defaultComponents minecraftCollisionBox,1,defaultComponents minecraftPhysics,1,defaultComponents minecraftPushThrough,1,defaultComponents minecraftPersistent,1,defaultComponents minecraftExperienceReward,1,defaultComponents minecraftBreathable,1,defaultComponents minecraftFireImmune,1,
JSONTAGS,101,"Info","","Entity file","/behavior_packs/bp/entities/faraway.json","/behavior_packs/bp/entities/faraway.json",defaultComponents minecraftTypeFamily,1,defaultComponents minecraftHealth,1,defaultComponents minecraftMovement,1,defaultComponents minecraftAttack,1,defaultComponents minecraftFollowRange,1,defaultComponents minecraftCollisionBox,1,defaultComponents minecraftPhysics,1,defaultComponents minecraftPushThrough,1,defaultComponents minecraftPersistent,1,defaultComponents minecraftExperienceReward,1,defaultComponents minecraftBreathable,1,defaultComponents minecraftFireImmune,1,
JSONTAGS,101,"Info","","Entity file","/behavior_packs/bp/entities/fever.json","/behavior_packs/bp/entities/fever.json",defaultComponents minecraftTypeFamily,1,defaultComponents minecraftHealth,1,defaultComponents minecraftMovement,1,defaultComponents minecraftAttack,1,defaultComponents minecraftFollowRange,1,defaultComponents minecraftCollisionBox,1,defaultComponents minecraftPhysics,1,defaultComponents minecraftPushThrough,1,defaultComponents minecraftPersistent,1,defaultComponents minecraftExperienceReward,1,defaultComponents minecraftBreathable,1,defaultComponents minecraftKnockbackResistance,1,defaultComponents minecraftFireImmune,1,
JSONTAGS,101,"Info","","Entity file","/behavior_packs/bp/entities/fever_stalk.json","/behavior_packs/bp/entities/fever_stalk.json",defaultComponents minecraftTypeFamily,1,defaultComponents minecraftHealth,1,defaultComponents minecraftMovement,1,defaultComponents minecraftAttack,1,defaultComponents minecraftFollowRange,1,defaultComponents minecraftCollisionBox,1,defaultComponents minecraftPhysics,1,defaultComponents minecraftPushThrough,1,defaultComponents minecraftPersistent,1,defaultComponents minecraftExperienceReward,1,defaultComponents minecraftBreathable,1,defaultComponents minecraftKnockbackResistance,1,defaultComponents minecraftFireImmune,1,
JSONTAGS,101,"Info","","Entity file","/behavior_packs/bp/entities/follow.json","/behavior_packs/bp/entities/follow.json",defaultComponents minecraftTypeFamily,1,defaultComponents minecraftHealth,1,defaultComponents minecraftMovement,1,defaultComponents minecraftAttack,1,defaultComponents minecraftFollowRange,1,defaultComponents minecraftCollisionBox,1,defaultComponents minecraftPhysics,1,defaultComponents minecraftPushThrough,1,defaultComponents minecraftPersistent,1,defaultComponents minecraftExperienceReward,1,defaultComponents minecraftBreathable,1,defaultComponents minecraftFireImmune,1,
JSONTAGS,101,"Info","","Entity file","/behavior_packs/bp/entities/fractured.json","/behavior_packs/bp/entities/fractured.json",defaultComponents minecraftTypeFamily,1,defaultComponents minecraftHealth,1,defaultComponents minecraftMovement,1,defaultComponents minecraftAttack,1,defaultComponents minecraftFollowRange,1,defaultComponents minecraftCollisionBox,1,defaultComponents minecraftPhysics,1,defaultComponents minecraftPushThrough,1,defaultComponents minecraftPersistent,1,defaultComponents minecraftExperienceReward,1,defaultComponents minecraftBreathable,1,defaultComponents minecraftKnockbackResistance,1,
JSONTAGS,101,"Info","","Entity file","/behavior_packs/bp/entities/fractured_roam.json","/behavior_packs/bp/entities/fractured_roam.json",defaultComponents minecraftTypeFamily,1,defaultComponents minecraftHealth,1,defaultComponents minecraftMovement,1,defaultComponents minecraftAttack,1,defaultComponents minecraftFollowRange,1,defaultComponents minecraftCollisionBox,1,defaultComponents minecraftPhysics,1,defaultComponents minecraftPushThrough,1,defaultComponents minecraftPersistent,1,defaultComponents minecraftExperienceReward,1,defaultComponents minecraftBreathable,1,defaultComponents minecraftKnockbackResistance,1,defaultComponents minecraftFireImmune,1,
JSONTAGS,101,"Info","","Entity file","/behavior_packs/bp/entities/he.json","/behavior_packs/bp/entities/he.json",defaultComponents minecraftTypeFamily,1,defaultComponents minecraftHealth,1,defaultComponents minecraftMovement,1,defaultComponents minecraftAttack,1,defaultComponents minecraftFollowRange,1,defaultComponents minecraftCollisionBox,1,defaultComponents minecraftPhysics,1,defaultComponents minecraftPushThrough,1,defaultComponents minecraftPersistent,1,defaultComponents minecraftExperienceReward,1,defaultComponents minecraftBreathable,1,defaultComponents minecraftFireImmune,1,
JSONTAGS,101,"Info","","Entity file","/behavior_packs/bp/entities/he_chase.json","/behavior_packs/bp/entities/he_chase.json",defaultComponents minecraftTypeFamily,1,defaultComponents minecraftHealth,1,defaultComponents minecraftMovement,1,defaultComponents minecraftAttack,1,defaultComponents minecraftFollowRange,1,defaultComponents minecraftCollisionBox,1,defaultComponents minecraftPhysics,1,defaultComponents minecraftPushThrough,1,defaultComponents minecraftPersistent,1,defaultComponents minecraftExperienceReward,1,defaultComponents minecraftBreathable,1,defaultComponents minecraftFireImmune,1,
JSONTAGS,101,"Info","","Entity file","/behavior_packs/bp/entities/he_hallucination.json","/behavior_packs/bp/entities/he_hallucination.json",defaultComponents minecraftTypeFamily,1,defaultComponents minecraftHealth,1,defaultComponents minecraftMovement,1,defaultComponents minecraftAttack,1,defaultComponents minecraftFollowRange,1,defaultComponents minecraftCollisionBox,1,defaultComponents minecraftPhysics,1,defaultComponents minecraftPushThrough,1,defaultComponents minecraftPersistent,1,defaultComponents minecraftExperienceReward,1,defaultComponents minecraftBreathable,1,defaultComponents minecraftFireImmune,1,
JSONTAGS,101,"Info","","Entity file","/behavior_packs/bp/entities/herobrine.json","/behavior_packs/bp/entities/herobrine.json",defaultComponents minecraftTypeFamily,1,defaultComponents minecraftHealth,1,defaultComponents minecraftMovement,1,defaultComponents minecraftAttack,1,defaultComponents minecraftFollowRange,1,defaultComponents minecraftCollisionBox,1,defaultComponents minecraftPhysics,1,defaultComponents minecraftPushThrough,1,defaultComponents minecraftPersistent,1,defaultComponents minecraftExperienceReward,1,defaultComponents minecraftBreathable,1,defaultComponents minecraftFireImmune,1,defaultComponents minecraftKnockbackResistance,1,
JSONTAGS,101,"Info","","Entity file","/behavior_packs/bp/entities/hetzer.json","/behavior_packs/bp/entities/hetzer.json",defaultComponents minecraftTypeFamily,1,defaultComponents minecraftHealth,1,defaultComponents minecraftMovement,1,defaultComponents minecraftAttack,1,defaultComponents minecraftFollowRange,1,defaultComponents minecraftCollisionBox,1,defaultComponents minecraftPhysics,1,defaultComponents minecraftPushThrough,1,defaultComponents minecraftKnockbackResistance,1,defaultComponents minecraftPersistent,1,defaultComponents minecraftExperienceReward,1,defaultComponents minecraftBreathable,1,defaultComponents minecraftFireImmune,1,
JSONTAGS,101,"Info","","Entity file","/behavior_packs/bp/entities/integ_fireball.json","/behavior_packs/bp/entities/integ_fireball.json",defaultComponents minecraftTypeFamily,1,defaultComponents minecraftHealth,1,defaultComponents minecraftMovement,1,defaultComponents minecraftAttack,1,defaultComponents minecraftFollowRange,1,defaultComponents minecraftCollisionBox,1,defaultComponents minecraftPhysics,1,defaultComponents minecraftPushThrough,1,defaultComponents minecraftPersistent,1,defaultComponents minecraftExperienceReward,1,defaultComponents minecraftBreathable,1,defaultComponents minecraftKnockbackResistance,1,defaultComponents minecraftFireImmune,1,
JSONTAGS,101,"Info","","Entity file","/behavior_packs/bp/entities/integrity_arm.json","/behavior_packs/bp/entities/integrity_arm.json",defaultComponents minecraftTypeFamily,1,defaultComponents minecraftHealth,1,defaultComponents minecraftMovement,1,defaultComponents minecraftAttack,1,defaultComponents minecraftFollowRange,1,defaultComponents minecraftCollisionBox,1,defaultComponents minecraftPhysics,1,defaultComponents minecraftPushThrough,1,defaultComponents minecraftExperienceReward,1,defaultComponents minecraftBreathable,1,defaultComponents minecraftKnockbackResistance,1,defaultComponents minecraftFireImmune,1,
JSONTAGS,101,"Info","","Entity file","/behavior_packs/bp/entities/integrity_curious.json","/behavior_packs/bp/entities/integrity_curious.json",defaultComponents minecraftTypeFamily,1,defaultComponents minecraftHealth,1,defaultComponents minecraftMovement,1,defaultComponents minecraftAttack,1,defaultComponents minecraftFollowRange,1,defaultComponents minecraftCollisionBox,1,defaultComponents minecraftPhysics,1,defaultComponents minecraftPushThrough,1,defaultComponents minecraftPersistent,1,defaultComponents minecraftExperienceReward,1,defaultComponents minecraftBreathable,1,defaultComponents minecraftKnockbackResistance,1,defaultComponents minecraftFireImmune,1,
JSONTAGS,101,"Info","","Entity file","/behavior_packs/bp/entities/integrity_phase_1.json","/behavior_packs/bp/entities/integrity_phase_1.json",defaultComponents minecraftTypeFamily,1,defaultComponents minecraftHealth,1,defaultComponents minecraftMovement,1,defaultComponents minecraftAttack,1,defaultComponents minecraftFollowRange,1,defaultComponents minecraftCollisionBox,1,defaultComponents minecraftPhysics,1,defaultComponents minecraftPushThrough,1,defaultComponents minecraftPersistent,1,defaultComponents minecraftExperienceReward,1,defaultComponents minecraftBreathable,1,defaultComponents minecraftKnockbackResistance,1,defaultComponents minecraftFireImmune,1,
JSONTAGS,101,"Info","","Entity file","/behavior_packs/bp/entities/integrity_phase_2.json","/behavior_packs/bp/entities/integrity_phase_2.json",defaultComponents minecraftTypeFamily,1,defaultComponents minecraftHealth,1,defaultComponents minecraftMovement,1,defaultComponents minecraftAttack,1,defaultComponents minecraftFollowRange,1,defaultComponents minecraftCollisionBox,1,defaultComponents minecraftPhysics,1,defaultComponents minecraftPushThrough,1,defaultComponents minecraftPersistent,1,defaultComponents minecraftExperienceReward,1,defaultComponents minecraftBreathable,1,defaultComponents minecraftKnockbackResistance,1,defaultComponents minecraftFireImmune,1,
JSONTAGS,101,"Info","","Entity file","/behavior_packs/bp/entities/integrity_phase_3.json","/behavior_packs/bp/entities/integrity_phase_3.json",defaultComponents minecraftTypeFamily,1,defaultComponents minecraftHealth,1,defaultComponents minecraftMovement,1,defaultComponents minecraftAttack,1,defaultComponents minecraftFollowRange,1,defaultComponents minecraftCollisionBox,1,defaultComponents minecraftPhysics,1,defaultComponents minecraftPushThrough,1,defaultComponents minecraftPersistent,1,defaultComponents minecraftExperienceReward,1,defaultComponents minecraftBreathable,1,defaultComponents minecraftKnockbackResistance,1,defaultComponents minecraftFireImmune,1,
JSONTAGS,101,"Info","","Entity file","/behavior_packs/bp/entities/jon.json","/behavior_packs/bp/entities/jon.json",defaultComponents minecraftTypeFamily,1,defaultComponents minecraftHealth,1,defaultComponents minecraftMovement,1,defaultComponents minecraftAttack,1,defaultComponents minecraftFollowRange,1,defaultComponents minecraftCollisionBox,1,defaultComponents minecraftPhysics,1,defaultComponents minecraftPushThrough,1,defaultComponents minecraftPersistent,1,defaultComponents minecraftExperienceReward,1,defaultComponents minecraftBreathable,1,
JSONTAGS,101,"Info","","Entity file","/behavior_packs/bp/entities/maze_shadows.json","/behavior_packs/bp/entities/maze_shadows.json",defaultComponents minecraftTypeFamily,1,defaultComponents minecraftHealth,1,defaultComponents minecraftMovement,1,defaultComponents minecraftAttack,1,defaultComponents minecraftFollowRange,1,defaultComponents minecraftCollisionBox,1,defaultComponents minecraftPhysics,1,defaultComponents minecraftPushThrough,1,defaultComponents minecraftExperienceReward,1,defaultComponents minecraftBreathable,1,defaultComponents minecraftFireImmune,1,
JSONTAGS,101,"Info","","Entity file","/behavior_packs/bp/entities/murderfur.json","/behavior_packs/bp/entities/murderfur.json",defaultComponents minecraftTypeFamily,1,defaultComponents minecraftHealth,1,defaultComponents minecraftMovement,1,defaultComponents minecraftAttack,1,defaultComponents minecraftFollowRange,1,defaultComponents minecraftCollisionBox,1,defaultComponents minecraftPhysics,1,defaultComponents minecraftPushThrough,1,defaultComponents minecraftPersistent,1,defaultComponents minecraftExperienceReward,1,defaultComponents minecraftBreathable,1,defaultComponents minecraftKnockbackResistance,1,
JSONTAGS,101,"Info","","Entity file","/behavior_packs/bp/entities/name_tag.json","/behavior_packs/bp/entities/name_tag.json",defaultComponents minecraftTypeFamily,1,defaultComponents minecraftHealth,1,defaultComponents minecraftMovement,1,defaultComponents minecraftAttack,1,defaultComponents minecraftFollowRange,1,defaultComponents minecraftCollisionBox,1,defaultComponents minecraftPhysics,1,defaultComponents minecraftPushThrough,1,defaultComponents minecraftPersistent,1,defaultComponents minecraftExperienceReward,1,defaultComponents minecraftBreathable,1,defaultComponents minecraftFireImmune,1,
JSONTAGS,101,"Info","","Entity file","/behavior_packs/bp/entities/niw.json","/behavior_packs/bp/entities/niw.json",defaultComponents minecraftTypeFamily,1,defaultComponents minecraftHealth,1,defaultComponents minecraftMovement,1,defaultComponents minecraftAttack,1,defaultComponents minecraftFollowRange,1,defaultComponents minecraftCollisionBox,1,defaultComponents minecraftPhysics,1,defaultComponents minecraftPushThrough,1,defaultComponents minecraftPersistent,1,defaultComponents minecraftExperienceReward,1,defaultComponents minecraftBreathable,1,defaultComponents minecraftFireImmune,1,
JSONTAGS,101,"Info","","Entity file","/behavior_packs/bp/entities/nothing_watcher.json","/behavior_packs/bp/entities/nothing_watcher.json",defaultComponents minecraftTypeFamily,1,defaultComponents minecraftHealth,1,defaultComponents minecraftMovement,1,defaultComponents minecraftAttack,1,defaultComponents minecraftFollowRange,1,defaultComponents minecraftCollisionBox,1,defaultComponents minecraftPhysics,1,defaultComponents minecraftPushThrough,1,defaultComponents minecraftPersistent,1,defaultComponents minecraftExperienceReward,1,defaultComponents minecraftBreathable,1,
JSONTAGS,101,"Info","","Entity file","/behavior_packs/bp/entities/nothingiswatchingchase.json","/behavior_packs/bp/entities/nothingiswatchingchase.json",defaultComponents minecraftTypeFamily,1,defaultComponents minecraftHealth,1,defaultComponents minecraftMovement,1,defaultComponents minecraftAttack,1,defaultComponents minecraftFollowRange,1,defaultComponents minecraftCollisionBox,1,defaultComponents minecraftPhysics,1,defaultComponents minecraftPushThrough,1,defaultComponents minecraftPersistent,1,defaultComponents minecraftExperienceReward,1,defaultComponents minecraftBreathable,1,defaultComponents minecraftFireImmune,1,
JSONTAGS,101,"Info","","Entity file","/behavior_packs/bp/entities/null_chase.json","/behavior_packs/bp/entities/null_chase.json",defaultComponents minecraftMovement,1,defaultComponents minecraftFollowRange,1,defaultComponents minecraftPushThrough,1,defaultComponents minecraftAttack,1,defaultComponents minecraftPersistent,1,defaultComponents minecraftPhysics,1,defaultComponents minecraftExperienceReward,1,defaultComponents minecraftTypeFamily,1,defaultComponents minecraftCollisionBox,1,defaultComponents minecraftHealth,1,defaultComponents minecraftFireImmune,1,
JSONTAGS,101,"Info","","Entity file","/behavior_packs/bp/entities/null_cod.json","/behavior_packs/bp/entities/null_cod.json",defaultComponents minecraftTypeFamily,1,defaultComponents minecraftHealth,1,defaultComponents minecraftMovement,1,defaultComponents minecraftAttack,1,defaultComponents minecraftFollowRange,1,defaultComponents minecraftCollisionBox,1,defaultComponents minecraftPhysics,1,defaultComponents minecraftPushThrough,1,defaultComponents minecraftPersistent,1,defaultComponents minecraftExperienceReward,1,defaultComponents minecraftBreathable,1,
JSONTAGS,101,"Info","","Entity file","/behavior_packs/bp/entities/null_endgame.json","/behavior_packs/bp/entities/null_endgame.json",defaultComponents minecraftMovement,1,defaultComponents minecraftFollowRange,1,defaultComponents minecraftPushThrough,1,defaultComponents minecraftAttack,1,defaultComponents minecraftPersistent,1,defaultComponents minecraftPhysics,1,defaultComponents minecraftExperienceReward,1,defaultComponents minecraftTypeFamily,1,defaultComponents minecraftCollisionBox,1,defaultComponents minecraftHealth,1,defaultComponents minecraftFireImmune,1,
JSONTAGS,101,"Info","","Entity file","/behavior_packs/bp/entities/null_flying.json","/behavior_packs/bp/entities/null_flying.json",defaultComponents minecraftMovement,1,defaultComponents minecraftFollowRange,1,defaultComponents minecraftPushThrough,1,defaultComponents minecraftPersistent,1,defaultComponents minecraftPhysics,1,defaultComponents minecraftExperienceReward,1,defaultComponents minecraftTypeFamily,1,defaultComponents minecraftCollisionBox,1,defaultComponents minecraftHealth,1,defaultComponents minecraftMovementFly,1,defaultComponents minecraftNavigationFly,1,defaultComponents minecraftKnockbackResistance,1,defaultComponents minecraftBehaviorFloat,1,defaultComponents minecraftBehaviorLookAtPlayer,1,defaultComponents minecraftFireImmune,1,
JSONTAGS,101,"Info","","Entity file","/behavior_packs/bp/entities/null_invade_base.json","/behavior_packs/bp/entities/null_invade_base.json",defaultComponents minecraftMovement,1,defaultComponents minecraftFollowRange,1,defaultComponents minecraftPushThrough,1,defaultComponents minecraftAttack,1,defaultComponents minecraftPersistent,1,defaultComponents minecraftPhysics,1,defaultComponents minecraftExperienceReward,1,defaultComponents minecraftTypeFamily,1,defaultComponents minecraftCollisionBox,1,defaultComponents minecraftHealth,1,defaultComponents minecraftFireImmune,1,
JSONTAGS,101,"Info","","Entity file","/behavior_packs/bp/entities/null_is_here.json","/behavior_packs/bp/entities/null_is_here.json",defaultComponents minecraftMovement,1,defaultComponents minecraftFollowRange,1,defaultComponents minecraftPushThrough,1,defaultComponents minecraftAttack,1,defaultComponents minecraftPersistent,1,defaultComponents minecraftPhysics,1,defaultComponents minecraftExperienceReward,1,defaultComponents minecraftTypeFamily,1,defaultComponents minecraftCollisionBox,1,defaultComponents minecraftHealth,1,defaultComponents minecraftFireImmune,1,
JSONTAGS,101,"Info","","Entity file","/behavior_packs/bp/entities/null_maze.json","/behavior_packs/bp/entities/null_maze.json",defaultComponents minecraftMovement,1,defaultComponents minecraftFollowRange,1,defaultComponents minecraftPushThrough,1,defaultComponents minecraftAttack,1,defaultComponents minecraftPersistent,1,defaultComponents minecraftPhysics,1,defaultComponents minecraftMovementBasic,1,defaultComponents minecraftNavigationWalk,1,defaultComponents minecraftExperienceReward,1,defaultComponents minecraftTypeFamily,1,defaultComponents minecraftCollisionBox,1,defaultComponents minecraftHealth,1,defaultComponents minecraftDamageSensor,1,defaultComponents minecraftKnockbackResistance,1,defaultComponents minecraftBehaviorNearestAttackableTarget,1,defaultComponents minecraftBehaviorMeleeBoxAttack,1,defaultComponents minecraftBehaviorMoveTowardsTarget,1,defaultComponents minecraftBehaviorRandomStroll,1,defaultComponents minecraftBehaviorRandomLookAround,1,defaultComponents minecraftFireImmune,1,
JSONTAGS,101,"Info","","Entity file","/behavior_packs/bp/entities/null_mining.json","/behavior_packs/bp/entities/null_mining.json",defaultComponents minecraftMovement,1,defaultComponents minecraftFollowRange,1,defaultComponents minecraftPushThrough,1,defaultComponents minecraftAttack,1,defaultComponents minecraftPersistent,1,defaultComponents minecraftPhysics,1,defaultComponents minecraftExperienceReward,1,defaultComponents minecraftTypeFamily,1,defaultComponents minecraftCollisionBox,1,defaultComponents minecraftHealth,1,defaultComponents minecraftKnockbackResistance,1,defaultComponents minecraftFireImmune,1,
JSONTAGS,101,"Info","","Entity file","/behavior_packs/bp/entities/null_scare.json","/behavior_packs/bp/entities/null_scare.json",defaultComponents minecraftMovement,1,defaultComponents minecraftFollowRange,1,defaultComponents minecraftPushThrough,1,defaultComponents minecraftAttack,1,defaultComponents minecraftPersistent,1,defaultComponents minecraftPhysics,1,defaultComponents minecraftExperienceReward,1,defaultComponents minecraftTypeFamily,1,defaultComponents minecraftCollisionBox,1,defaultComponents minecraftHealth,1,defaultComponents minecraftFireImmune,1,
JSONTAGS,101,"Info","","Entity file","/behavior_packs/bp/entities/null_unbeatable_bossfight.json","/behavior_packs/bp/entities/null_unbeatable_bossfight.json",defaultComponents minecraftMovement,1,defaultComponents minecraftFollowRange,1,defaultComponents minecraftPushThrough,1,defaultComponents minecraftAttack,1,defaultComponents minecraftPersistent,1,defaultComponents minecraftPhysics,1,defaultComponents minecraftExperienceReward,1,defaultComponents minecraftTypeFamily,1,defaultComponents minecraftCollisionBox,1,defaultComponents minecraftHealth,1,defaultComponents minecraftFireImmune,1,
JSONTAGS,101,"Info","","Entity file","/behavior_packs/bp/entities/null_watching.json","/behavior_packs/bp/entities/null_watching.json",defaultComponents minecraftMovement,1,defaultComponents minecraftFollowRange,1,defaultComponents minecraftPushThrough,1,defaultComponents minecraftAttack,1,defaultComponents minecraftKnockbackResistance,1,defaultComponents minecraftPersistent,1,defaultComponents minecraftPhysics,1,defaultComponents minecraftExperienceReward,1,defaultComponents minecraftTypeFamily,1,defaultComponents minecraftCollisionBox,1,defaultComponents minecraftHealth,1,defaultComponents minecraftFireImmune,1,
JSONTAGS,101,"Info","","Entity file","/behavior_packs/bp/entities/nulll.json","/behavior_packs/bp/entities/nulll.json",defaultComponents minecraftMovement,1,defaultComponents minecraftFollowRange,1,defaultComponents minecraftPushThrough,1,defaultComponents minecraftAttack,1,defaultComponents minecraftPersistent,1,defaultComponents minecraftPhysics,1,defaultComponents minecraftExperienceReward,1,defaultComponents minecraftTypeFamily,1,defaultComponents minecraftCollisionBox,1,defaultComponents minecraftHealth,1,defaultComponents minecraftKnockbackResistance,1,defaultComponents minecraftFireImmune,1,
JSONTAGS,101,"Info","","Entity file","/behavior_packs/bp/entities/phantom_player.json","/behavior_packs/bp/entities/phantom_player.json",defaultComponents minecraftTypeFamily,1,defaultComponents minecraftHealth,1,defaultComponents minecraftMovement,1,defaultComponents minecraftAttack,1,defaultComponents minecraftFollowRange,1,defaultComponents minecraftCollisionBox,1,defaultComponents minecraftPhysics,1,defaultComponents minecraftPushThrough,1,defaultComponents minecraftPersistent,1,defaultComponents minecraftExperienceReward,1,defaultComponents minecraftBreathable,1,defaultComponents minecraftFireImmune,1,
JSONTAGS,101,"Info","","Entity file","/behavior_packs/bp/entities/rock.json","/behavior_packs/bp/entities/rock.json",defaultComponents minecraftTypeFamily,1,defaultComponents minecraftHealth,1,defaultComponents minecraftMovement,1,defaultComponents minecraftAttack,1,defaultComponents minecraftFollowRange,1,defaultComponents minecraftCollisionBox,1,defaultComponents minecraftPhysics,1,defaultComponents minecraftPushThrough,1,defaultComponents minecraftPersistent,1,defaultComponents minecraftExperienceReward,1,defaultComponents minecraftBreathable,1,defaultComponents minecraftKnockbackResistance,1,defaultComponents minecraftFireImmune,1,
JSONTAGS,101,"Info","","Entity file","/behavior_packs/bp/entities/siluet.json","/behavior_packs/bp/entities/siluet.json",defaultComponents minecraftTypeFamily,1,defaultComponents minecraftHealth,1,defaultComponents minecraftMovement,1,defaultComponents minecraftAttack,1,defaultComponents minecraftFollowRange,1,defaultComponents minecraftCollisionBox,1,defaultComponents minecraftPhysics,1,defaultComponents minecraftPushThrough,1,defaultComponents minecraftPersistent,1,defaultComponents minecraftExperienceReward,1,defaultComponents minecraftBreathable,1,defaultComponents minecraftFireImmune,1,
JSONTAGS,101,"Info","","Entity file","/behavior_packs/bp/entities/siluet_chase.json","/behavior_packs/bp/entities/siluet_chase.json",defaultComponents minecraftTypeFamily,1,defaultComponents minecraftHealth,1,defaultComponents minecraftMovement,1,defaultComponents minecraftAttack,1,defaultComponents minecraftFollowRange,1,defaultComponents minecraftCollisionBox,1,defaultComponents minecraftPhysics,1,defaultComponents minecraftPushThrough,1,defaultComponents minecraftPersistent,1,defaultComponents minecraftExperienceReward,1,defaultComponents minecraftBreathable,1,defaultComponents minecraftFireImmune,1,
JSONTAGS,101,"Info","","Entity file","/behavior_packs/bp/entities/siluet_hallucination.json","/behavior_packs/bp/entities/siluet_hallucination.json",defaultComponents minecraftTypeFamily,1,defaultComponents minecraftHealth,1,defaultComponents minecraftMovement,1,defaultComponents minecraftAttack,1,defaultComponents minecraftFollowRange,1,defaultComponents minecraftCollisionBox,1,defaultComponents minecraftPhysics,1,defaultComponents minecraftPushThrough,1,defaultComponents minecraftPersistent,1,defaultComponents minecraftExperienceReward,1,defaultComponents minecraftBreathable,1,defaultComponents minecraftFireImmune,1,
JSONTAGS,101,"Info","","Entity file","/behavior_packs/bp/entities/siluet_stare.json","/behavior_packs/bp/entities/siluet_stare.json",defaultComponents minecraftTypeFamily,1,defaultComponents minecraftHealth,1,defaultComponents minecraftMovement,1,defaultComponents minecraftAttack,1,defaultComponents minecraftFollowRange,1,defaultComponents minecraftCollisionBox,1,defaultComponents minecraftPhysics,1,defaultComponents minecraftPushThrough,1,defaultComponents minecraftPersistent,1,defaultComponents minecraftExperienceReward,1,defaultComponents minecraftBreathable,1,defaultComponents minecraftFireImmune,1,
JSONTAGS,101,"Info","","Entity file","/behavior_packs/bp/entities/stare.json","/behavior_packs/bp/entities/stare.json",defaultComponents minecraftTypeFamily,1,defaultComponents minecraftHealth,1,defaultComponents minecraftMovement,1,defaultComponents minecraftAttack,1,defaultComponents minecraftFollowRange,1,defaultComponents minecraftCollisionBox,1,defaultComponents minecraftPhysics,1,defaultComponents minecraftPushThrough,1,defaultComponents minecraftPersistent,1,defaultComponents minecraftExperienceReward,1,defaultComponents minecraftBreathable,1,defaultComponents minecraftFireImmune,1,
JSONTAGS,101,"Info","","Entity file","/behavior_packs/bp/entities/sub_anomaly_1.json","/behavior_packs/bp/entities/sub_anomaly_1.json",defaultComponents minecraftTypeFamily,1,defaultComponents minecraftHealth,1,defaultComponents minecraftMovement,1,defaultComponents minecraftAttack,1,defaultComponents minecraftFollowRange,1,defaultComponents minecraftCollisionBox,1,defaultComponents minecraftPhysics,1,defaultComponents minecraftPushThrough,1,defaultComponents minecraftPersistent,1,defaultComponents minecraftExperienceReward,1,defaultComponents minecraftBreathable,1,defaultComponents minecraftFireImmune,1,
JSONTAGS,101,"Info","","Entity file","/behavior_packs/bp/entities/sub_anomaly_2.json","/behavior_packs/bp/entities/sub_anomaly_2.json",defaultComponents minecraftTypeFamily,1,defaultComponents minecraftHealth,1,defaultComponents minecraftMovement,1,defaultComponents minecraftAttack,1,defaultComponents minecraftFollowRange,1,defaultComponents minecraftCollisionBox,1,defaultComponents minecraftPhysics,1,defaultComponents minecraftPushThrough,1,defaultComponents minecraftPersistent,1,defaultComponents minecraftExperienceReward,1,defaultComponents minecraftBreathable,1,defaultComponents minecraftFireImmune,1,
JSONTAGS,101,"Info","","Entity file","/behavior_packs/bp/entities/tether.json","/behavior_packs/bp/entities/tether.json",defaultComponents minecraftTypeFamily,1,defaultComponents minecraftHealth,1,defaultComponents minecraftMovement,1,defaultComponents minecraftFollowRange,1,defaultComponents minecraftCollisionBox,1,defaultComponents minecraftPhysics,1,defaultComponents minecraftPushThrough,1,defaultComponents minecraftPersistent,1,defaultComponents minecraftExperienceReward,1,defaultComponents minecraftBreathable,1,defaultComponents minecraftKnockbackResistance,1,
JSONTAGS,101,"Info","","Entity file","/behavior_packs/bp/entities/the_broken_end.json","/behavior_packs/bp/entities/the_broken_end.json",defaultComponents minecraftTypeFamily,1,defaultComponents minecraftHealth,1,defaultComponents minecraftMovement,1,defaultComponents minecraftAttack,1,defaultComponents minecraftFollowRange,1,defaultComponents minecraftCollisionBox,1,defaultComponents minecraftPhysics,1,defaultComponents minecraftPushThrough,1,defaultComponents minecraftPersistent,1,defaultComponents minecraftExperienceReward,1,defaultComponents minecraftBreathable,1,defaultComponents minecraftKnockbackResistance,1,defaultComponents minecraftFireImmune,1,
JSONTAGS,101,"Info","","Entity file","/behavior_packs/bp/entities/the_broken_end_ambush.json","/behavior_packs/bp/entities/the_broken_end_ambush.json",defaultComponents minecraftTypeFamily,1,defaultComponents minecraftHealth,1,defaultComponents minecraftMovement,1,defaultComponents minecraftAttack,1,defaultComponents minecraftFollowRange,1,defaultComponents minecraftCollisionBox,1,defaultComponents minecraftPhysics,1,defaultComponents minecraftPushThrough,1,defaultComponents minecraftPersistent,1,defaultComponents minecraftExperienceReward,1,defaultComponents minecraftBreathable,1,defaultComponents minecraftFireImmune,1,
JSONTAGS,101,"Info","","Entity file","/behavior_packs/bp/entities/the_broken_end_curious.json","/behavior_packs/bp/entities/the_broken_end_curious.json",defaultComponents minecraftTypeFamily,1,defaultComponents minecraftHealth,1,defaultComponents minecraftMovement,1,defaultComponents minecraftAttack,1,defaultComponents minecraftFollowRange,1,defaultComponents minecraftCollisionBox,1,defaultComponents minecraftPhysics,1,defaultComponents minecraftPushThrough,1,defaultComponents minecraftPersistent,1,defaultComponents minecraftExperienceReward,1,defaultComponents minecraftBreathable,1,defaultComponents minecraftKnockbackResistance,1,defaultComponents minecraftFireImmune,1,
JSONTAGS,101,"Info","","Entity file","/behavior_packs/bp/entities/the_broken_end_stalk.json","/behavior_packs/bp/entities/the_broken_end_stalk.json",defaultComponents minecraftTypeFamily,1,defaultComponents minecraftHealth,1,defaultComponents minecraftMovement,1,defaultComponents minecraftAttack,1,defaultComponents minecraftFollowRange,1,defaultComponents minecraftCollisionBox,1,defaultComponents minecraftPhysics,1,defaultComponents minecraftPushThrough,1,defaultComponents minecraftPersistent,1,defaultComponents minecraftExperienceReward,1,defaultComponents minecraftBreathable,1,defaultComponents minecraftKnockbackResistance,1,defaultComponents minecraftFireImmune,1,
JSONTAGS,101,"Info","","Entity file","/behavior_packs/bp/entities/the_obliteration.json","/behavior_packs/bp/entities/the_obliteration.json",defaultComponents minecraftTypeFamily,1,defaultComponents minecraftHealth,1,defaultComponents minecraftMovement,1,defaultComponents minecraftAttack,1,defaultComponents minecraftFollowRange,1,defaultComponents minecraftCollisionBox,1,defaultComponents minecraftPhysics,1,defaultComponents minecraftPushThrough,1,defaultComponents minecraftPersistent,1,defaultComponents minecraftExperienceReward,1,defaultComponents minecraftBreathable,1,defaultComponents minecraftFireImmune,1,
JSONTAGS,101,"Info","","Entity file","/behavior_packs/bp/entities/the_obliteration_2.json","/behavior_packs/bp/entities/the_obliteration_2.json",defaultComponents minecraftTypeFamily,1,defaultComponents minecraftHealth,1,defaultComponents minecraftMovement,1,defaultComponents minecraftAttack,1,defaultComponents minecraftFollowRange,1,defaultComponents minecraftCollisionBox,1,defaultComponents minecraftPhysics,1,defaultComponents minecraftPushThrough,1,defaultComponents minecraftPersistent,1,defaultComponents minecraftExperienceReward,1,defaultComponents minecraftBreathable,1,defaultComponents minecraftFireImmune,1,
JSONTAGS,101,"Info","","Entity file","/behavior_packs/bp/entities/void_tentacle.json","/behavior_packs/bp/entities/void_tentacle.json",defaultComponents minecraftTypeFamily,1,defaultComponents minecraftHealth,1,defaultComponents minecraftMovement,1,defaultComponents minecraftAttack,1,defaultComponents minecraftFollowRange,1,defaultComponents minecraftCollisionBox,1,defaultComponents minecraftPhysics,1,defaultComponents minecraftPushThrough,1,defaultComponents minecraftPersistent,1,defaultComponents minecraftExperienceReward,1,defaultComponents minecraftBreathable,1,defaultComponents minecraftKnockbackResistance,1,defaultComponents minecraftScale,1,defaultComponents minecraftFireImmune,1,componentsUsedInComponentGroups minecraftScale,5,entityEvents remove,5,entityEvents add,5,entityEvents setProperty,5,
JSONTAGS,101,"Info","","Entity file","/behavior_packs/bp/entities/xxram_2die.json","/behavior_packs/bp/entities/xxram_2die.json",defaultComponents minecraftTypeFamily,1,defaultComponents minecraftHealth,1,defaultComponents minecraftMovement,1,defaultComponents minecraftAttack,1,defaultComponents minecraftFollowRange,1,defaultComponents minecraftCollisionBox,1,defaultComponents minecraftPhysics,1,defaultComponents minecraftPushThrough,1,defaultComponents minecraftPersistent,1,defaultComponents minecraftExperienceReward,1,defaultComponents minecraftBreathable,1,defaultComponents minecraftFireImmune,1,
JSONTAGS,101,"Info","","Entity file","/behavior_packs/bp/loot_tables/entities/null_cod.json","/behavior_packs/bp/loot_tables/entities/null_cod.json",
JSONTAGS,102,"Info","","Block file","/behavior_packs/bp/blocks/a_flower.json","/behavior_packs/bp/blocks/a_flower.json",blockDefaultComponents minecraftMaterialInstances,1,blockDefaultComponents minecraftDestructibleByMining,1,blockDefaultComponents minecraftLoot,1,blockDefaultComponents minecraftDestructibleByExplosion,1,blockDefaultComponents minecraftGeometry,1,
JSONTAGS,102,"Info","","Block file","/behavior_packs/bp/blocks/all_dead.json","/behavior_packs/bp/blocks/all_dead.json",blockDefaultComponents minecraftMaterialInstances,1,blockDefaultComponents minecraftDestructibleByMining,1,blockDefaultComponents minecraftLoot,1,blockDefaultComponents minecraftDestructibleByExplosion,1,blockDefaultComponents minecraftLightDampening,1,blockDefaultComponents minecraftGeometry,1,
JSONTAGS,102,"Info","","Block file","/behavior_packs/bp/blocks/bennie_plush_block.json","/behavior_packs/bp/blocks/bennie_plush_block.json",blockDefaultComponents minecraftLoot,1,blockDefaultComponents minecraftGeometry,1,blockDefaultComponents minecraftMaterialInstances,1,blockDefaultComponents minecraftCollisionBox,1,blockDefaultComponents minecraftSelectionBox,1,blockDefaultComponents minecraftLightDampening,1,permutation valuesPerProperty,4,permutation valuesPerType,4,permutation values,4,blockPermutationComponents minecraftTransformation,4,
JSONTAGS,102,"Info","","Block file","/behavior_packs/bp/blocks/berry_plush_block.json","/behavior_packs/bp/blocks/berry_plush_block.json",blockDefaultComponents minecraftLoot,1,blockDefaultComponents minecraftGeometry,1,blockDefaultComponents minecraftMaterialInstances,1,blockDefaultComponents minecraftCollisionBox,1,blockDefaultComponents minecraftSelectionBox,1,blockDefaultComponents minecraftLightDampening,1,permutation valuesPerProperty,4,permutation valuesPerType,4,permutation values,4,blockPermutationComponents minecraftTransformation,4,
JSONTAGS,102,"Info","","Block file","/behavior_packs/bp/blocks/block_is_missing_id.json","/behavior_packs/bp/blocks/block_is_missing_id.json",blockDefaultComponents minecraftMaterialInstances,1,blockDefaultComponents minecraftDestructibleByMining,1,blockDefaultComponents minecraftLoot,1,blockDefaultComponents minecraftDestructibleByExplosion,1,blockDefaultComponents minecraftLightDampening,1,blockDefaultComponents minecraftGeometry,1,
JSONTAGS,102,"Info","","Block file","/behavior_packs/bp/blocks/border_block.json","/behavior_packs/bp/blocks/border_block.json",blockDefaultComponents minecraftMaterialInstances,1,blockDefaultComponents minecraftDestructibleByMining,1,blockDefaultComponents minecraftLoot,1,blockDefaultComponents minecraftDestructibleByExplosion,1,blockDefaultComponents minecraftLightDampening,1,blockDefaultComponents minecraftGeometry,1,
JSONTAGS,102,"Info","","Block file","/behavior_packs/bp/blocks/ceiling_light.json","/behavior_packs/bp/blocks/ceiling_light.json",blockDefaultComponents minecraftMaterialInstances,1,blockDefaultComponents minecraftDestructibleByMining,1,blockDefaultComponents minecraftLoot,1,blockDefaultComponents minecraftDestructibleByExplosion,1,blockDefaultComponents minecraftLightDampening,1,blockDefaultComponents minecraftLightEmission,1,blockDefaultComponents minecraftGeometry,1,
JSONTAGS,102,"Info","","Block file","/behavior_packs/bp/blocks/ceiling_tile.json","/behavior_packs/bp/blocks/ceiling_tile.json",blockDefaultComponents minecraftMaterialInstances,1,blockDefaultComponents minecraftDestructibleByMining,1,blockDefaultComponents minecraftLoot,1,blockDefaultComponents minecraftDestructibleByExplosion,1,blockDefaultComponents minecraftLightDampening,1,blockDefaultComponents minecraftGeometry,1,
JSONTAGS,102,"Info","","Block file","/behavior_packs/bp/blocks/chiseled_moon_stone_bricks.json","/behavior_packs/bp/blocks/chiseled_moon_stone_bricks.json",blockDefaultComponents minecraftMaterialInstances,1,blockDefaultComponents minecraftDestructibleByMining,1,blockDefaultComponents minecraftLoot,1,blockDefaultComponents minecraftDestructibleByExplosion,1,blockDefaultComponents minecraftLightDampening,1,blockDefaultComponents minecraftGeometry,1,
JSONTAGS,102,"Info","","Block file","/behavior_packs/bp/blocks/cobblestone_border_block.json","/behavior_packs/bp/blocks/cobblestone_border_block.json",blockDefaultComponents minecraftMaterialInstances,1,blockDefaultComponents minecraftDestructibleByMining,1,blockDefaultComponents minecraftLoot,1,blockDefaultComponents minecraftDestructibleByExplosion,1,blockDefaultComponents minecraftLightDampening,1,blockDefaultComponents minecraftGeometry,1,
JSONTAGS,102,"Info","","Block file","/behavior_packs/bp/blocks/command.json","/behavior_packs/bp/blocks/command.json",blockDefaultComponents minecraftMaterialInstances,1,blockDefaultComponents minecraftDestructibleByMining,1,blockDefaultComponents minecraftLoot,1,blockDefaultComponents minecraftDestructibleByExplosion,1,blockDefaultComponents minecraftGeometry,1,blockDefaultComponents minecraftTick,1,permutation valuesPerProperty,2,permutation valuesPerType,2,permutation values,2,blockPermutationComponents minecraftMaterialInstances,1,blockPermutationComponents minecraftGeometry,1,
JSONTAGS,102,"Info","","Block file","/behavior_packs/bp/blocks/command_block_giver.json","/behavior_packs/bp/blocks/command_block_giver.json",blockDefaultComponents minecraftMaterialInstances,1,blockDefaultComponents minecraftDestructibleByMining,1,blockDefaultComponents minecraftLoot,1,blockDefaultComponents minecraftDestructibleByExplosion,1,blockDefaultComponents minecraftGeometry,1,blockDefaultComponents minecraftTick,1,permutation valuesPerProperty,2,permutation valuesPerType,2,permutation values,2,
JSONTAGS,102,"Info","","Block file","/behavior_packs/bp/blocks/concrete.json","/behavior_packs/bp/blocks/concrete.json",blockDefaultComponents minecraftMaterialInstances,1,blockDefaultComponents minecraftDestructibleByMining,1,blockDefaultComponents minecraftLoot,1,blockDefaultComponents minecraftDestructibleByExplosion,1,blockDefaultComponents minecraftLightDampening,1,blockDefaultComponents minecraftGeometry,1,
JSONTAGS,102,"Info","","Block file","/behavior_packs/bp/blocks/corrupted_moon_stone_bricks.json","/behavior_packs/bp/blocks/corrupted_moon_stone_bricks.json",blockDefaultComponents minecraftMaterialInstances,1,blockDefaultComponents minecraftDestructibleByMining,1,blockDefaultComponents minecraftLoot,1,blockDefaultComponents minecraftDestructibleByExplosion,1,blockDefaultComponents minecraftLightDampening,1,blockDefaultComponents minecraftGeometry,1,
JSONTAGS,102,"Info","","Block file","/behavior_packs/bp/blocks/decomposed_semiotics.json","/behavior_packs/bp/blocks/decomposed_semiotics.json",blockDefaultComponents minecraftMaterialInstances,1,blockDefaultComponents minecraftDestructibleByMining,1,blockDefaultComponents minecraftLoot,1,blockDefaultComponents minecraftDestructibleByExplosion,1,blockDefaultComponents minecraftLightDampening,1,blockDefaultComponents minecraftGeometry,1,
JSONTAGS,102,"Info","","Block file","/behavior_packs/bp/blocks/deviation.json","/behavior_packs/bp/blocks/deviation.json",blockDefaultComponents minecraftMaterialInstances,1,blockDefaultComponents minecraftDestructibleByMining,1,blockDefaultComponents minecraftLoot,1,blockDefaultComponents minecraftDestructibleByExplosion,1,blockDefaultComponents minecraftLightDampening,1,blockDefaultComponents minecraftGeometry,1,
JSONTAGS,102,"Info","","Block file","/behavior_packs/bp/blocks/dirt_border_block.json","/behavior_packs/bp/blocks/dirt_border_block.json",blockDefaultComponents minecraftMaterialInstances,1,blockDefaultComponents minecraftDestructibleByMining,1,blockDefaultComponents minecraftLoot,1,blockDefaultComponents minecraftDestructibleByExplosion,1,blockDefaultComponents minecraftLightDampening,1,blockDefaultComponents minecraftGeometry,1,
JSONTAGS,102,"Info","","Block file","/behavior_packs/bp/blocks/disruption.json","/behavior_packs/bp/blocks/disruption.json",blockDefaultComponents minecraftMaterialInstances,1,blockDefaultComponents minecraftDestructibleByMining,1,blockDefaultComponents minecraftLoot,1,blockDefaultComponents minecraftDestructibleByExplosion,1,blockDefaultComponents minecraftLightDampening,1,blockDefaultComponents minecraftGeometry,1,
JSONTAGS,102,"Info","","Block file","/behavior_packs/bp/blocks/dominik_plush_block.json","/behavior_packs/bp/blocks/dominik_plush_block.json",blockDefaultComponents minecraftLoot,1,blockDefaultComponents minecraftGeometry,1,blockDefaultComponents minecraftMaterialInstances,1,blockDefaultComponents minecraftCollisionBox,1,blockDefaultComponents minecraftSelectionBox,1,blockDefaultComponents minecraftLightDampening,1,permutation valuesPerProperty,4,permutation valuesPerType,4,permutation values,4,blockPermutationComponents minecraftTransformation,4,
JSONTAGS,102,"Info","","Block file","/behavior_packs/bp/blocks/ebridger_plush_block.json","/behavior_packs/bp/blocks/ebridger_plush_block.json",blockDefaultComponents minecraftLoot,1,blockDefaultComponents minecraftGeometry,1,blockDefaultComponents minecraftMaterialInstances,1,blockDefaultComponents minecraftCollisionBox,1,blockDefaultComponents minecraftSelectionBox,1,blockDefaultComponents minecraftLightDampening,1,permutation valuesPerProperty,4,permutation valuesPerType,4,permutation values,4,blockPermutationComponents minecraftTransformation,4,
JSONTAGS,102,"Info","","Block file","/behavior_packs/bp/blocks/elderly_plush_block.json","/behavior_packs/bp/blocks/elderly_plush_block.json",blockDefaultComponents minecraftLoot,1,blockDefaultComponents minecraftGeometry,1,blockDefaultComponents minecraftMaterialInstances,1,blockDefaultComponents minecraftCollisionBox,1,blockDefaultComponents minecraftSelectionBox,1,blockDefaultComponents minecraftLightDampening,1,permutation valuesPerProperty,4,permutation valuesPerType,4,permutation values,4,blockPermutationComponents minecraftTransformation,4,
JSONTAGS,102,"Info","","Block file","/behavior_packs/bp/blocks/eldritch_plush_block.json","/behavior_packs/bp/blocks/eldritch_plush_block.json",blockDefaultComponents minecraftLoot,1,blockDefaultComponents minecraftGeometry,1,blockDefaultComponents minecraftMaterialInstances,1,blockDefaultComponents minecraftCollisionBox,1,blockDefaultComponents minecraftSelectionBox,1,blockDefaultComponents minecraftLightDampening,1,permutation valuesPerProperty,4,permutation valuesPerType,4,permutation values,4,blockPermutationComponents minecraftTransformation,4,
JSONTAGS,102,"Info","","Block file","/behavior_packs/bp/blocks/empty.json","/behavior_packs/bp/blocks/empty.json",blockDefaultComponents minecraftMaterialInstances,1,blockDefaultComponents minecraftDestructibleByMining,1,blockDefaultComponents minecraftLoot,1,blockDefaultComponents minecraftDestructibleByExplosion,1,blockDefaultComponents minecraftLightDampening,1,blockDefaultComponents minecraftGeometry,1,
JSONTAGS,102,"Info","","Block file","/behavior_packs/bp/blocks/exit.json","/behavior_packs/bp/blocks/exit.json",blockDefaultComponents minecraftMaterialInstances,1,blockDefaultComponents minecraftDestructibleByMining,1,blockDefaultComponents minecraftLoot,1,blockDefaultComponents minecraftDestructibleByExplosion,1,blockDefaultComponents minecraftLightDampening,1,blockDefaultComponents minecraftGeometry,1,
JSONTAGS,102,"Info","","Block file","/behavior_packs/bp/blocks/eyae_plush_block.json","/behavior_packs/bp/blocks/eyae_plush_block.json",blockDefaultComponents minecraftLoot,1,blockDefaultComponents minecraftGeometry,1,blockDefaultComponents minecraftMaterialInstances,1,blockDefaultComponents minecraftCollisionBox,1,blockDefaultComponents minecraftSelectionBox,1,blockDefaultComponents minecraftLightDampening,1,permutation valuesPerProperty,4,permutation valuesPerType,4,permutation values,4,blockPermutationComponents minecraftTransformation,4,
JSONTAGS,102,"Info","","Block file","/behavior_packs/bp/blocks/flesh.json","/behavior_packs/bp/blocks/flesh.json",blockDefaultComponents minecraftMaterialInstances,1,blockDefaultComponents minecraftDestructibleByMining,1,blockDefaultComponents minecraftLoot,1,blockDefaultComponents minecraftDestructibleByExplosion,1,blockDefaultComponents minecraftLightDampening,1,blockDefaultComponents minecraftGeometry,1,
JSONTAGS,102,"Info","","Block file","/behavior_packs/bp/blocks/garreth_plush_block.json","/behavior_packs/bp/blocks/garreth_plush_block.json",blockDefaultComponents minecraftLoot,1,blockDefaultComponents minecraftGeometry,1,blockDefaultComponents minecraftMaterialInstances,1,blockDefaultComponents minecraftCollisionBox,1,blockDefaultComponents minecraftSelectionBox,1,blockDefaultComponents minecraftLightDampening,1,permutation valuesPerProperty,4,permutation valuesPerType,4,permutation values,4,blockPermutationComponents minecraftTransformation,4,
JSONTAGS,102,"Info","","Block file","/behavior_packs/bp/blocks/glass_border_block.json","/behavior_packs/bp/blocks/glass_border_block.json",blockDefaultComponents minecraftMaterialInstances,1,blockDefaultComponents minecraftDestructibleByMining,1,blockDefaultComponents minecraftLoot,1,blockDefaultComponents minecraftDestructibleByExplosion,1,blockDefaultComponents minecraftLightDampening,1,blockDefaultComponents minecraftGeometry,1,
JSONTAGS,102,"Info","","Block file","/behavior_packs/bp/blocks/hello.json","/behavior_packs/bp/blocks/hello.json",blockDefaultComponents minecraftMaterialInstances,1,blockDefaultComponents minecraftDestructibleByMining,1,blockDefaultComponents minecraftLoot,1,blockDefaultComponents minecraftDestructibleByExplosion,1,blockDefaultComponents minecraftLightDampening,1,blockDefaultComponents minecraftGeometry,1,
JSONTAGS,102,"Info","","Block file","/behavior_packs/bp/blocks/hermit_plush_block.json","/behavior_packs/bp/blocks/hermit_plush_block.json",blockDefaultComponents minecraftLoot,1,blockDefaultComponents minecraftGeometry,1,blockDefaultComponents minecraftMaterialInstances,1,blockDefaultComponents minecraftCollisionBox,1,blockDefaultComponents minecraftSelectionBox,1,blockDefaultComponents minecraftLightDampening,1,permutation valuesPerProperty,4,permutation valuesPerType,4,permutation values,4,blockPermutationComponents minecraftTransformation,4,
JSONTAGS,102,"Info","","Block file","/behavior_packs/bp/blocks/initiator.json","/behavior_packs/bp/blocks/initiator.json",blockDefaultComponents minecraftMaterialInstances,1,blockDefaultComponents minecraftDestructibleByMining,1,blockDefaultComponents minecraftLoot,1,blockDefaultComponents minecraftDestructibleByExplosion,1,blockDefaultComponents minecraftGeometry,1,
JSONTAGS,102,"Info","","Block file","/behavior_packs/bp/blocks/int.json","/behavior_packs/bp/blocks/int.json",blockDefaultComponents minecraftMaterialInstances,1,blockDefaultComponents minecraftDestructibleByMining,1,blockDefaultComponents minecraftLoot,1,blockDefaultComponents minecraftDestructibleByExplosion,1,blockDefaultComponents minecraftLightDampening,1,blockDefaultComponents minecraftGeometry,1,
JSONTAGS,102,"Info","","Block file","/behavior_packs/bp/blocks/intense_projection.json","/behavior_packs/bp/blocks/intense_projection.json",blockDefaultComponents minecraftMaterialInstances,1,blockDefaultComponents minecraftDestructibleByMining,1,blockDefaultComponents minecraftLoot,1,blockDefaultComponents minecraftDestructibleByExplosion,1,blockDefaultComponents minecraftLightDampening,1,blockDefaultComponents minecraftGeometry,1,
JSONTAGS,102,"Info","","Block file","/behavior_packs/bp/blocks/it.json","/behavior_packs/bp/blocks/it.json",blockDefaultComponents minecraftMaterialInstances,1,blockDefaultComponents minecraftDestructibleByMining,1,blockDefaultComponents minecraftLoot,1,blockDefaultComponents minecraftDestructibleByExplosion,1,blockDefaultComponents minecraftLightDampening,1,blockDefaultComponents minecraftGeometry,1,
JSONTAGS,102,"Info","","Block file","/behavior_packs/bp/blocks/jd_plush_block.json","/behavior_packs/bp/blocks/jd_plush_block.json",blockDefaultComponents minecraftLoot,1,blockDefaultComponents minecraftGeometry,1,blockDefaultComponents minecraftMaterialInstances,1,blockDefaultComponents minecraftCollisionBox,1,blockDefaultComponents minecraftSelectionBox,1,blockDefaultComponents minecraftLightDampening,1,permutation valuesPerProperty,4,permutation valuesPerType,4,permutation values,4,blockPermutationComponents minecraftTransformation,4,
JSONTAGS,102,"Info","","Block file","/behavior_packs/bp/blocks/jim_trigger_1.json","/behavior_packs/bp/blocks/jim_trigger_1.json",blockDefaultComponents minecraftMaterialInstances,1,blockDefaultComponents minecraftDestructibleByMining,1,blockDefaultComponents minecraftLoot,1,blockDefaultComponents minecraftDestructibleByExplosion,1,blockDefaultComponents minecraftGeometry,1,
JSONTAGS,102,"Info","","Block file","/behavior_packs/bp/blocks/jim_trigger_2.json","/behavior_packs/bp/blocks/jim_trigger_2.json",blockDefaultComponents minecraftMaterialInstances,1,blockDefaultComponents minecraftDestructibleByMining,1,blockDefaultComponents minecraftLoot,1,blockDefaultComponents minecraftDestructibleByExplosion,1,blockDefaultComponents minecraftGeometry,1,
JSONTAGS,102,"Info","","Block file","/behavior_packs/bp/blocks/jim_trigger_3.json","/behavior_packs/bp/blocks/jim_trigger_3.json",blockDefaultComponents minecraftMaterialInstances,1,blockDefaultComponents minecraftDestructibleByMining,1,blockDefaultComponents minecraftLoot,1,blockDefaultComponents minecraftDestructibleByExplosion,1,blockDefaultComponents minecraftGeometry,1,
JSONTAGS,102,"Info","","Block file","/behavior_packs/bp/blocks/jim_trigger_4.json","/behavior_packs/bp/blocks/jim_trigger_4.json",blockDefaultComponents minecraftMaterialInstances,1,blockDefaultComponents minecraftDestructibleByMining,1,blockDefaultComponents minecraftLoot,1,blockDefaultComponents minecraftDestructibleByExplosion,1,blockDefaultComponents minecraftGeometry,1,
JSONTAGS,102,"Info","","Block file","/behavior_packs/bp/blocks/lily_of_the_abyss.json","/behavior_packs/bp/blocks/lily_of_the_abyss.json",blockDefaultComponents minecraftLoot,1,blockDefaultComponents minecraftMaterialInstances,1,blockDefaultComponents minecraftGeometry,1,blockDefaultComponents minecraftCollisionBox,1,blockDefaultComponents minecraftSelectionBox,1,blockDefaultComponents minecraftLightDampening,1,
JSONTAGS,102,"Info","","Block file","/behavior_packs/bp/blocks/limbo.json","/behavior_packs/bp/blocks/limbo.json",blockDefaultComponents minecraftMaterialInstances,1,blockDefaultComponents minecraftDestructibleByMining,1,blockDefaultComponents minecraftLoot,1,blockDefaultComponents minecraftDestructibleByExplosion,1,blockDefaultComponents minecraftLightDampening,1,blockDefaultComponents minecraftGeometry,1,
JSONTAGS,102,"Info","","Block file","/behavior_packs/bp/blocks/lost_plush_block.json","/behavior_packs/bp/blocks/lost_plush_block.json",blockDefaultComponents minecraftLoot,1,blockDefaultComponents minecraftGeometry,1,blockDefaultComponents minecraftMaterialInstances,1,blockDefaultComponents minecraftCollisionBox,1,blockDefaultComponents minecraftSelectionBox,1,blockDefaultComponents minecraftLightDampening,1,permutation valuesPerProperty,4,permutation valuesPerType,4,permutation values,4,blockPermutationComponents minecraftTransformation,4,
JSONTAGS,102,"Info","","Block file","/behavior_packs/bp/blocks/lovemist_plush_block.json","/behavior_packs/bp/blocks/lovemist_plush_block.json",blockDefaultComponents minecraftLoot,1,blockDefaultComponents minecraftGeometry,1,blockDefaultComponents minecraftMaterialInstances,1,blockDefaultComponents minecraftCollisionBox,1,blockDefaultComponents minecraftSelectionBox,1,blockDefaultComponents minecraftLightDampening,1,permutation valuesPerProperty,4,permutation valuesPerType,4,permutation values,4,blockPermutationComponents minecraftTransformation,4,
JSONTAGS,102,"Info","","Block file","/behavior_packs/bp/blocks/mc_plush_block.json","/behavior_packs/bp/blocks/mc_plush_block.json",blockDefaultComponents minecraftLoot,1,blockDefaultComponents minecraftGeometry,1,blockDefaultComponents minecraftMaterialInstances,1,blockDefaultComponents minecraftCollisionBox,1,blockDefaultComponents minecraftSelectionBox,1,blockDefaultComponents minecraftLightDampening,1,permutation valuesPerProperty,4,permutation valuesPerType,4,permutation values,4,blockPermutationComponents minecraftTransformation,4,
JSONTAGS,102,"Info","","Block file","/behavior_packs/bp/blocks/moist_carpet.json","/behavior_packs/bp/blocks/moist_carpet.json",blockDefaultComponents minecraftMaterialInstances,1,blockDefaultComponents minecraftDestructibleByMining,1,blockDefaultComponents minecraftLoot,1,blockDefaultComponents minecraftDestructibleByExplosion,1,blockDefaultComponents minecraftLightDampening,1,blockDefaultComponents minecraftGeometry,1,
JSONTAGS,102,"Info","","Block file","/behavior_packs/bp/blocks/moji_plush_block.json","/behavior_packs/bp/blocks/moji_plush_block.json",blockDefaultComponents minecraftLoot,1,blockDefaultComponents minecraftGeometry,1,blockDefaultComponents minecraftMaterialInstances,1,blockDefaultComponents minecraftCollisionBox,1,blockDefaultComponents minecraftSelectionBox,1,blockDefaultComponents minecraftLightDampening,1,permutation valuesPerProperty,4,permutation valuesPerType,4,permutation values,4,blockPermutationComponents minecraftTransformation,4,
JSONTAGS,102,"Info","","Block file","/behavior_packs/bp/blocks/mono_library.json","/behavior_packs/bp/blocks/mono_library.json",blockDefaultComponents minecraftMaterialInstances,1,blockDefaultComponents minecraftDestructibleByMining,1,blockDefaultComponents minecraftLoot,1,blockDefaultComponents minecraftDestructibleByExplosion,1,blockDefaultComponents minecraftLightDampening,1,blockDefaultComponents minecraftGeometry,1,
JSONTAGS,102,"Info","","Block file","/behavior_packs/bp/blocks/mono_planks.json","/behavior_packs/bp/blocks/mono_planks.json",blockDefaultComponents minecraftMaterialInstances,1,blockDefaultComponents minecraftDestructibleByMining,1,blockDefaultComponents minecraftLoot,1,blockDefaultComponents minecraftDestructibleByExplosion,1,blockDefaultComponents minecraftLightDampening,1,blockDefaultComponents minecraftGeometry,1,
JSONTAGS,102,"Info","","Block file","/behavior_packs/bp/blocks/mono_slab.json","/behavior_packs/bp/blocks/mono_slab.json",blockDefaultComponents minecraftGeometry,1,blockDefaultComponents minecraftMaterialInstances,1,blockDefaultComponents minecraftDestructibleByMining,1,blockDefaultComponents minecraftLoot,1,blockDefaultComponents minecraftDestructibleByExplosion,1,blockDefaultComponents minecraftCollisionBox,1,blockDefaultComponents minecraftLightDampening,1,permutation valuesPerProperty,2,permutation valuesPerType,2,permutation values,2,blockPermutationComponents minecraftGeometry,1,blockPermutationComponents minecraftCollisionBox,1,
JSONTAGS,102,"Info","","Block file","/behavior_packs/bp/blocks/mono_stairs.json","/behavior_packs/bp/blocks/mono_stairs.json",blockDefaultComponents minecraftGeometry,1,blockDefaultComponents minecraftMaterialInstances,1,blockDefaultComponents minecraftDestructibleByMining,1,blockDefaultComponents minecraftLoot,1,blockDefaultComponents minecraftDestructibleByExplosion,1,blockDefaultComponents minecraftCollisionBox,1,blockDefaultComponents minecraftLightDampening,1,
JSONTAGS,102,"Info","","Block file","/behavior_packs/bp/blocks/moon_stone.json","/behavior_packs/bp/blocks/moon_stone.json",blockDefaultComponents minecraftMaterialInstances,1,blockDefaultComponents minecraftDestructibleByMining,1,blockDefaultComponents minecraftLoot,1,blockDefaultComponents minecraftDestructibleByExplosion,1,blockDefaultComponents minecraftLightDampening,1,blockDefaultComponents minecraftGeometry,1,
JSONTAGS,102,"Info","","Block file","/behavior_packs/bp/blocks/moon_stone_brick_slab.json","/behavior_packs/bp/blocks/moon_stone_brick_slab.json",blockDefaultComponents minecraftGeometry,1,blockDefaultComponents minecraftMaterialInstances,1,blockDefaultComponents minecraftDestructibleByMining,1,blockDefaultComponents minecraftLoot,1,blockDefaultComponents minecraftDestructibleByExplosion,1,blockDefaultComponents minecraftCollisionBox,1,blockDefaultComponents minecraftLightDampening,1,
JSONTAGS,102,"Info","","Block file","/behavior_packs/bp/blocks/moon_stone_brick_stairs.json","/behavior_packs/bp/blocks/moon_stone_brick_stairs.json",blockDefaultComponents minecraftGeometry,1,blockDefaultComponents minecraftMaterialInstances,1,blockDefaultComponents minecraftDestructibleByMining,1,blockDefaultComponents minecraftLoot,1,blockDefaultComponents minecraftDestructibleByExplosion,1,blockDefaultComponents minecraftCollisionBox,1,blockDefaultComponents minecraftLightDampening,1,
JSONTAGS,102,"Info","","Block file","/behavior_packs/bp/blocks/moon_stone_brick_wall.json","/behavior_packs/bp/blocks/moon_stone_brick_wall.json",blockDefaultComponents minecraftGeometry,1,blockDefaultComponents minecraftMaterialInstances,1,blockDefaultComponents minecraftDestructibleByMining,1,blockDefaultComponents minecraftLoot,1,blockDefaultComponents minecraftDestructibleByExplosion,1,blockDefaultComponents minecraftCollisionBox,1,blockDefaultComponents minecraftLightDampening,1,
JSONTAGS,102,"Info","","Block file","/behavior_packs/bp/blocks/moon_stone_bricks.json","/behavior_packs/bp/blocks/moon_stone_bricks.json",blockDefaultComponents minecraftMaterialInstances,1,blockDefaultComponents minecraftDestructibleByMining,1,blockDefaultComponents minecraftLoot,1,blockDefaultComponents minecraftDestructibleByExplosion,1,blockDefaultComponents minecraftLightDampening,1,blockDefaultComponents minecraftGeometry,1,
JSONTAGS,102,"Info","","Block file","/behavior_packs/bp/blocks/nahbro_plush_block.json","/behavior_packs/bp/blocks/nahbro_plush_block.json",blockDefaultComponents minecraftLoot,1,blockDefaultComponents minecraftGeometry,1,blockDefaultComponents minecraftMaterialInstances,1,blockDefaultComponents minecraftCollisionBox,1,blockDefaultComponents minecraftSelectionBox,1,blockDefaultComponents minecraftLightDampening,1,permutation valuesPerProperty,4,permutation valuesPerType,4,permutation values,4,blockPermutationComponents minecraftTransformation,4,
JSONTAGS,102,"Info","","Block file","/behavior_packs/bp/blocks/name_missing.json","/behavior_packs/bp/blocks/name_missing.json",blockDefaultComponents minecraftMaterialInstances,1,blockDefaultComponents minecraftDestructibleByMining,1,blockDefaultComponents minecraftLoot,1,blockDefaultComponents minecraftDestructibleByExplosion,1,blockDefaultComponents minecraftLightDampening,1,blockDefaultComponents minecraftGeometry,1,
JSONTAGS,102,"Info","","Block file","/behavior_packs/bp/blocks/necrosis.json","/behavior_packs/bp/blocks/necrosis.json",blockDefaultComponents minecraftMaterialInstances,1,blockDefaultComponents minecraftDestructibleByMining,1,blockDefaultComponents minecraftLoot,1,blockDefaultComponents minecraftDestructibleByExplosion,1,blockDefaultComponents minecraftLightDampening,1,blockDefaultComponents minecraftGeometry,1,
JSONTAGS,102,"Info","","Block file","/behavior_packs/bp/blocks/new_vein.json","/behavior_packs/bp/blocks/new_vein.json",blockDefaultComponents minecraftLoot,1,blockDefaultComponents minecraftMaterialInstances,1,blockDefaultComponents minecraftGeometry,1,blockDefaultComponents minecraftCollisionBox,1,blockDefaultComponents minecraftSelectionBox,1,blockDefaultComponents minecraftLightDampening,1,blockDefaultComponents minecraftTick,1,permutation valuesPerProperty,2,permutation valuesPerType,1024,permutation values,1024,
JSONTAGS,102,"Info","","Block file","/behavior_packs/bp/blocks/nothing.json","/behavior_packs/bp/blocks/nothing.json",blockDefaultComponents minecraftMaterialInstances,1,blockDefaultComponents minecraftDestructibleByMining,1,blockDefaultComponents minecraftLoot,1,blockDefaultComponents minecraftDestructibleByExplosion,1,blockDefaultComponents minecraftLightDampening,1,blockDefaultComponents minecraftGeometry,1,
JSONTAGS,102,"Info","","Block file","/behavior_packs/bp/blocks/nowhere_block.json","/behavior_packs/bp/blocks/nowhere_block.json",blockDefaultComponents minecraftMaterialInstances,1,blockDefaultComponents minecraftDestructibleByMining,1,blockDefaultComponents minecraftLoot,1,blockDefaultComponents minecraftDestructibleByExplosion,1,blockDefaultComponents minecraftLightDampening,1,blockDefaultComponents minecraftGeometry,1,
JSONTAGS,102,"Info","","Block file","/behavior_packs/bp/blocks/null_structure.json","/behavior_packs/bp/blocks/null_structure.json",blockDefaultComponents minecraftMaterialInstances,1,blockDefaultComponents minecraftDestructibleByMining,1,blockDefaultComponents minecraftLoot,1,blockDefaultComponents minecraftDestructibleByExplosion,1,blockDefaultComponents minecraftGeometry,1,blockDefaultComponents minecraftTick,1,
JSONTAGS,102,"Info","","Block file","/behavior_packs/bp/blocks/obsidian.json","/behavior_packs/bp/blocks/obsidian.json",blockDefaultComponents minecraftTags,1,blockDefaultComponents minecraftMaterialInstances,1,blockDefaultComponents minecraftDestructibleByMining,1,blockDefaultComponents minecraftLoot,1,blockDefaultComponents minecraftDestructibleByExplosion,1,blockDefaultComponents minecraftLightDampening,1,blockDefaultComponents minecraftGeometry,1,
JSONTAGS,102,"Info","","Block file","/behavior_packs/bp/blocks/oldblock.json","/behavior_packs/bp/blocks/oldblock.json",blockDefaultComponents minecraftMaterialInstances,1,blockDefaultComponents minecraftDestructibleByMining,1,blockDefaultComponents minecraftLoot,1,blockDefaultComponents minecraftDestructibleByExplosion,1,blockDefaultComponents minecraftLightDampening,1,blockDefaultComponents minecraftGeometry,1,
JSONTAGS,102,"Info","","Block file","/behavior_packs/bp/blocks/physical_stacktrace.json","/behavior_packs/bp/blocks/physical_stacktrace.json",blockDefaultComponents minecraftMaterialInstances,1,blockDefaultComponents minecraftDestructibleByMining,1,blockDefaultComponents minecraftLoot,1,blockDefaultComponents minecraftDestructibleByExplosion,1,blockDefaultComponents minecraftLightDampening,1,blockDefaultComponents minecraftGeometry,1,
JSONTAGS,102,"Info","","Block file","/behavior_packs/bp/blocks/polished_moon_stone.json","/behavior_packs/bp/blocks/polished_moon_stone.json",blockDefaultComponents minecraftMaterialInstances,1,blockDefaultComponents minecraftDestructibleByMining,1,blockDefaultComponents minecraftLoot,1,blockDefaultComponents minecraftDestructibleByExplosion,1,blockDefaultComponents minecraftLightDampening,1,blockDefaultComponents minecraftGeometry,1,
JSONTAGS,102,"Info","","Block file","/behavior_packs/bp/blocks/polished_moon_stone_slab.json","/behavior_packs/bp/blocks/polished_moon_stone_slab.json",blockDefaultComponents minecraftGeometry,1,blockDefaultComponents minecraftMaterialInstances,1,blockDefaultComponents minecraftDestructibleByMining,1,blockDefaultComponents minecraftLoot,1,blockDefaultComponents minecraftDestructibleByExplosion,1,blockDefaultComponents minecraftCollisionBox,1,blockDefaultComponents minecraftLightDampening,1,
JSONTAGS,102,"Info","","Block file","/behavior_packs/bp/blocks/polished_moon_stone_stairs.json","/behavior_packs/bp/blocks/polished_moon_stone_stairs.json",blockDefaultComponents minecraftGeometry,1,blockDefaultComponents minecraftMaterialInstances,1,blockDefaultComponents minecraftDestructibleByMining,1,blockDefaultComponents minecraftLoot,1,blockDefaultComponents minecraftDestructibleByExplosion,1,blockDefaultComponents minecraftCollisionBox,1,blockDefaultComponents minecraftLightDampening,1,
JSONTAGS,102,"Info","","Block file","/behavior_packs/bp/blocks/polished_moon_stone_wall.json","/behavior_packs/bp/blocks/polished_moon_stone_wall.json",blockDefaultComponents minecraftGeometry,1,blockDefaultComponents minecraftMaterialInstances,1,blockDefaultComponents minecraftDestructibleByMining,1,blockDefaultComponents minecraftLoot,1,blockDefaultComponents minecraftDestructibleByExplosion,1,blockDefaultComponents minecraftCollisionBox,1,blockDefaultComponents minecraftLightDampening,1,
JSONTAGS,102,"Info","","Block file","/behavior_packs/bp/blocks/portal_controller.json","/behavior_packs/bp/blocks/portal_controller.json",blockDefaultComponents minecraftMaterialInstances,1,blockDefaultComponents minecraftDestructibleByMining,1,blockDefaultComponents minecraftLoot,1,blockDefaultComponents minecraftDestructibleByExplosion,1,blockDefaultComponents minecraftGeometry,1,
JSONTAGS,102,"Info","","Block file","/behavior_packs/bp/blocks/portal_extender.json","/behavior_packs/bp/blocks/portal_extender.json",blockDefaultComponents minecraftMaterialInstances,1,blockDefaultComponents minecraftDestructibleByMining,1,blockDefaultComponents minecraftLoot,1,blockDefaultComponents minecraftDestructibleByExplosion,1,blockDefaultComponents minecraftGeometry,1,
JSONTAGS,102,"Info","","Block file","/behavior_packs/bp/blocks/potted_lily_of_the_abyss.json","/behavior_packs/bp/blocks/potted_lily_of_the_abyss.json",blockDefaultComponents minecraftLoot,1,blockDefaultComponents minecraftMaterialInstances,1,blockDefaultComponents minecraftGeometry,1,blockDefaultComponents minecraftCollisionBox,1,blockDefaultComponents minecraftSelectionBox,1,blockDefaultComponents minecraftLightDampening,1,
JSONTAGS,102,"Info","","Block file","/behavior_packs/bp/blocks/potted_void_bell.json","/behavior_packs/bp/blocks/potted_void_bell.json",blockDefaultComponents minecraftLoot,1,blockDefaultComponents minecraftMaterialInstances,1,blockDefaultComponents minecraftGeometry,1,blockDefaultComponents minecraftCollisionBox,1,blockDefaultComponents minecraftSelectionBox,1,blockDefaultComponents minecraftLightDampening,1,
JSONTAGS,102,"Info","","Block file","/behavior_packs/bp/blocks/potted_void_cap.json","/behavior_packs/bp/blocks/potted_void_cap.json",blockDefaultComponents minecraftLoot,1,blockDefaultComponents minecraftMaterialInstances,1,blockDefaultComponents minecraftGeometry,1,blockDefaultComponents minecraftCollisionBox,1,blockDefaultComponents minecraftSelectionBox,1,blockDefaultComponents minecraftLightDampening,1,
JSONTAGS,102,"Info","","Block file","/behavior_packs/bp/blocks/potted_void_shroom.json","/behavior_packs/bp/blocks/potted_void_shroom.json",blockDefaultComponents minecraftLoot,1,blockDefaultComponents minecraftMaterialInstances,1,blockDefaultComponents minecraftGeometry,1,blockDefaultComponents minecraftCollisionBox,1,blockDefaultComponents minecraftSelectionBox,1,blockDefaultComponents minecraftLightDampening,1,
JSONTAGS,102,"Info","","Block file","/behavior_packs/bp/blocks/protected_void.json","/behavior_packs/bp/blocks/protected_void.json",blockDefaultComponents minecraftMaterialInstances,1,blockDefaultComponents minecraftDestructibleByMining,1,blockDefaultComponents minecraftLoot,1,blockDefaultComponents minecraftDestructibleByExplosion,1,blockDefaultComponents minecraftLightDampening,1,blockDefaultComponents minecraftGeometry,1,
JSONTAGS,102,"Info","","Block file","/behavior_packs/bp/blocks/protected_void_fence.json","/behavior_packs/bp/blocks/protected_void_fence.json",blockDefaultComponents minecraftMaterialInstances,1,blockDefaultComponents minecraftDestructibleByMining,1,blockDefaultComponents minecraftLoot,1,blockDefaultComponents minecraftDestructibleByExplosion,1,blockDefaultComponents minecraftLightDampening,1,blockDefaultComponents minecraftGeometry,1,
JSONTAGS,102,"Info","","Block file","/behavior_packs/bp/blocks/protected_void_light.json","/behavior_packs/bp/blocks/protected_void_light.json",blockDefaultComponents minecraftMaterialInstances,1,blockDefaultComponents minecraftDestructibleByMining,1,blockDefaultComponents minecraftLoot,1,blockDefaultComponents minecraftDestructibleByExplosion,1,blockDefaultComponents minecraftLightDampening,1,blockDefaultComponents minecraftGeometry,1,
JSONTAGS,102,"Info","","Block file","/behavior_packs/bp/blocks/protected_void_slab.json","/behavior_packs/bp/blocks/protected_void_slab.json",blockDefaultComponents minecraftGeometry,1,blockDefaultComponents minecraftMaterialInstances,1,blockDefaultComponents minecraftDestructibleByMining,1,blockDefaultComponents minecraftLoot,1,blockDefaultComponents minecraftDestructibleByExplosion,1,blockDefaultComponents minecraftCollisionBox,1,blockDefaultComponents minecraftLightDampening,1,
JSONTAGS,102,"Info","","Block file","/behavior_packs/bp/blocks/protected_void_stairs.json","/behavior_packs/bp/blocks/protected_void_stairs.json",blockDefaultComponents minecraftGeometry,1,blockDefaultComponents minecraftMaterialInstances,1,blockDefaultComponents minecraftDestructibleByMining,1,blockDefaultComponents minecraftLoot,1,blockDefaultComponents minecraftDestructibleByExplosion,1,blockDefaultComponents minecraftCollisionBox,1,blockDefaultComponents minecraftLightDampening,1,
JSONTAGS,102,"Info","","Block file","/behavior_packs/bp/blocks/protected_void_wall.json","/behavior_packs/bp/blocks/protected_void_wall.json",blockDefaultComponents minecraftGeometry,1,blockDefaultComponents minecraftMaterialInstances,1,blockDefaultComponents minecraftDestructibleByMining,1,blockDefaultComponents minecraftLoot,1,blockDefaultComponents minecraftDestructibleByExplosion,1,blockDefaultComponents minecraftCollisionBox,1,blockDefaultComponents minecraftLightDampening,1,
JSONTAGS,102,"Info","","Block file","/behavior_packs/bp/blocks/pyrit_plush_block.json","/behavior_packs/bp/blocks/pyrit_plush_block.json",blockDefaultComponents minecraftLoot,1,blockDefaultComponents minecraftGeometry,1,blockDefaultComponents minecraftMaterialInstances,1,blockDefaultComponents minecraftCollisionBox,1,blockDefaultComponents minecraftSelectionBox,1,blockDefaultComponents minecraftLightDampening,1,permutation valuesPerProperty,4,permutation valuesPerType,4,permutation values,4,blockPermutationComponents minecraftTransformation,4,
JSONTAGS,102,"Info","","Block file","/behavior_packs/bp/blocks/r_3.json","/behavior_packs/bp/blocks/r_3.json",blockDefaultComponents minecraftTags,1,blockDefaultComponents minecraftMaterialInstances,1,blockDefaultComponents minecraftDestructibleByMining,1,blockDefaultComponents minecraftLoot,1,blockDefaultComponents minecraftDestructibleByExplosion,1,blockDefaultComponents minecraftLightDampening,1,blockDefaultComponents minecraftGeometry,1,
JSONTAGS,102,"Info","","Block file","/behavior_packs/bp/blocks/raevant_plush_block.json","/behavior_packs/bp/blocks/raevant_plush_block.json",blockDefaultComponents minecraftLoot,1,blockDefaultComponents minecraftGeometry,1,blockDefaultComponents minecraftMaterialInstances,1,blockDefaultComponents minecraftCollisionBox,1,blockDefaultComponents minecraftSelectionBox,1,blockDefaultComponents minecraftLightDampening,1,permutation valuesPerProperty,4,permutation valuesPerType,4,permutation values,4,blockPermutationComponents minecraftTransformation,4,
JSONTAGS,102,"Info","","Block file","/behavior_packs/bp/blocks/rdh_plush_block.json","/behavior_packs/bp/blocks/rdh_plush_block.json",blockDefaultComponents minecraftLoot,1,blockDefaultComponents minecraftGeometry,1,blockDefaultComponents minecraftMaterialInstances,1,blockDefaultComponents minecraftCollisionBox,1,blockDefaultComponents minecraftSelectionBox,1,blockDefaultComponents minecraftLightDampening,1,permutation valuesPerProperty,4,permutation valuesPerType,4,permutation values,4,blockPermutationComponents minecraftTransformation,4,
JSONTAGS,102,"Info","","Block file","/behavior_packs/bp/blocks/red_ceiling_light.json","/behavior_packs/bp/blocks/red_ceiling_light.json",blockDefaultComponents minecraftMaterialInstances,1,blockDefaultComponents minecraftDestructibleByMining,1,blockDefaultComponents minecraftLoot,1,blockDefaultComponents minecraftDestructibleByExplosion,1,blockDefaultComponents minecraftLightDampening,1,blockDefaultComponents minecraftLightEmission,1,blockDefaultComponents minecraftGeometry,1,
JSONTAGS,102,"Info","","Block file","/behavior_packs/bp/blocks/red_ceiling_tile.json","/behavior_packs/bp/blocks/red_ceiling_tile.json",blockDefaultComponents minecraftMaterialInstances,1,blockDefaultComponents minecraftDestructibleByMining,1,blockDefaultComponents minecraftLoot,1,blockDefaultComponents minecraftDestructibleByExplosion,1,blockDefaultComponents minecraftLightDampening,1,blockDefaultComponents minecraftGeometry,1,
JSONTAGS,102,"Info","","Block file","/behavior_packs/bp/blocks/red_moist_carpet.json","/behavior_packs/bp/blocks/red_moist_carpet.json",blockDefaultComponents minecraftMaterialInstances,1,blockDefaultComponents minecraftDestructibleByMining,1,blockDefaultComponents minecraftLoot,1,blockDefaultComponents minecraftDestructibleByExplosion,1,blockDefaultComponents minecraftLightDampening,1,blockDefaultComponents minecraftGeometry,1,
JSONTAGS,102,"Info","","Block file","/behavior_packs/bp/blocks/red_ugly_wallpaper.json","/behavior_packs/bp/blocks/red_ugly_wallpaper.json",blockDefaultComponents minecraftMaterialInstances,1,blockDefaultComponents minecraftDestructibleByMining,1,blockDefaultComponents minecraftLoot,1,blockDefaultComponents minecraftDestructibleByExplosion,1,blockDefaultComponents minecraftLightDampening,1,blockDefaultComponents minecraftGeometry,1,
JSONTAGS,102,"Info","","Block file","/behavior_packs/bp/blocks/redstone_plush_block.json","/behavior_packs/bp/blocks/redstone_plush_block.json",blockDefaultComponents minecraftLoot,1,blockDefaultComponents minecraftGeometry,1,blockDefaultComponents minecraftMaterialInstances,1,blockDefaultComponents minecraftCollisionBox,1,blockDefaultComponents minecraftSelectionBox,1,blockDefaultComponents minecraftLightDampening,1,permutation valuesPerProperty,4,permutation valuesPerType,4,permutation values,4,blockPermutationComponents minecraftTransformation,4,
JSONTAGS,102,"Info","","Block file","/behavior_packs/bp/blocks/shadow_bug.json","/behavior_packs/bp/blocks/shadow_bug.json",blockDefaultComponents minecraftMaterialInstances,1,blockDefaultComponents minecraftDestructibleByMining,1,blockDefaultComponents minecraftLoot,1,blockDefaultComponents minecraftDestructibleByExplosion,1,blockDefaultComponents minecraftGeometry,1,
JSONTAGS,102,"Info","","Block file","/behavior_packs/bp/blocks/shadow_plush_block.json","/behavior_packs/bp/blocks/shadow_plush_block.json",blockDefaultComponents minecraftLoot,1,blockDefaultComponents minecraftGeometry,1,blockDefaultComponents minecraftMaterialInstances,1,blockDefaultComponents minecraftCollisionBox,1,blockDefaultComponents minecraftSelectionBox,1,blockDefaultComponents minecraftLightDampening,1,permutation valuesPerProperty,4,permutation valuesPerType,4,permutation values,4,blockPermutationComponents minecraftTransformation,4,
JSONTAGS,102,"Info","","Block file","/behavior_packs/bp/blocks/sideways_cobblestone_stairs.json","/behavior_packs/bp/blocks/sideways_cobblestone_stairs.json",blockDefaultComponents minecraftGeometry,1,blockDefaultComponents minecraftMaterialInstances,1,blockDefaultComponents minecraftDestructibleByMining,1,blockDefaultComponents minecraftLoot,1,blockDefaultComponents minecraftDestructibleByExplosion,1,blockDefaultComponents minecraftCollisionBox,1,blockDefaultComponents minecraftLightDampening,1,
JSONTAGS,102,"Info","","Block file","/behavior_packs/bp/blocks/sideways_fence.json","/behavior_packs/bp/blocks/sideways_fence.json",blockDefaultComponents minecraftMaterialInstances,1,blockDefaultComponents minecraftDestructibleByMining,1,blockDefaultComponents minecraftLoot,1,blockDefaultComponents minecraftDestructibleByExplosion,1,blockDefaultComponents minecraftLightDampening,1,blockDefaultComponents minecraftGeometry,1,
JSONTAGS,102,"Info","","Block file","/behavior_packs/bp/blocks/sideways_furnace.json","/behavior_packs/bp/blocks/sideways_furnace.json",blockDefaultComponents minecraftMaterialInstances,1,blockDefaultComponents minecraftDestructibleByMining,1,blockDefaultComponents minecraftLoot,1,blockDefaultComponents minecraftDestructibleByExplosion,1,blockDefaultComponents minecraftLightDampening,1,blockDefaultComponents minecraftGeometry,1,
JSONTAGS,102,"Info","","Block file","/behavior_packs/bp/blocks/sideways_pane.json","/behavior_packs/bp/blocks/sideways_pane.json",blockDefaultComponents minecraftMaterialInstances,1,blockDefaultComponents minecraftDestructibleByMining,1,blockDefaultComponents minecraftLoot,1,blockDefaultComponents minecraftDestructibleByExplosion,1,blockDefaultComponents minecraftLightDampening,1,blockDefaultComponents minecraftGeometry,1,
JSONTAGS,102,"Info","","Block file","/behavior_packs/bp/blocks/skie_plush_block.json","/behavior_packs/bp/blocks/skie_plush_block.json",blockDefaultComponents minecraftLoot,1,blockDefaultComponents minecraftGeometry,1,blockDefaultComponents minecraftMaterialInstances,1,blockDefaultComponents minecraftCollisionBox,1,blockDefaultComponents minecraftSelectionBox,1,blockDefaultComponents minecraftLightDampening,1,permutation valuesPerProperty,4,permutation valuesPerType,4,permutation values,4,blockPermutationComponents minecraftTransformation,4,
JSONTAGS,102,"Info","","Block file","/behavior_packs/bp/blocks/smooth_stone_vertical_slab.json","/behavior_packs/bp/blocks/smooth_stone_vertical_slab.json",blockDefaultComponents minecraftGeometry,1,blockDefaultComponents minecraftMaterialInstances,1,blockDefaultComponents minecraftDestructibleByMining,1,blockDefaultComponents minecraftLoot,1,blockDefaultComponents minecraftDestructibleByExplosion,1,blockDefaultComponents minecraftCollisionBox,1,blockDefaultComponents minecraftLightDampening,1,
JSONTAGS,102,"Info","","Block file","/behavior_packs/bp/blocks/spruce_wood_slab.json","/behavior_packs/bp/blocks/spruce_wood_slab.json",blockDefaultComponents minecraftGeometry,1,blockDefaultComponents minecraftMaterialInstances,1,blockDefaultComponents minecraftDestructibleByMining,1,blockDefaultComponents minecraftLoot,1,blockDefaultComponents minecraftDestructibleByExplosion,1,blockDefaultComponents minecraftCollisionBox,1,blockDefaultComponents minecraftLightDampening,1,
JSONTAGS,102,"Info","","Block file","/behavior_packs/bp/blocks/stevelocks_plush_block.json","/behavior_packs/bp/blocks/stevelocks_plush_block.json",blockDefaultComponents minecraftLoot,1,blockDefaultComponents minecraftGeometry,1,blockDefaultComponents minecraftMaterialInstances,1,blockDefaultComponents minecraftCollisionBox,1,blockDefaultComponents minecraftSelectionBox,1,blockDefaultComponents minecraftLightDampening,1,permutation valuesPerProperty,4,permutation valuesPerType,4,permutation values,4,blockPermutationComponents minecraftTransformation,4,
JSONTAGS,102,"Info","","Block file","/behavior_packs/bp/blocks/stone_border_block.json","/behavior_packs/bp/blocks/stone_border_block.json",blockDefaultComponents minecraftMaterialInstances,1,blockDefaultComponents minecraftDestructibleByMining,1,blockDefaultComponents minecraftLoot,1,blockDefaultComponents minecraftDestructibleByExplosion,1,blockDefaultComponents minecraftLightDampening,1,blockDefaultComponents minecraftGeometry,1,
JSONTAGS,102,"Info","","Block file","/behavior_packs/bp/blocks/stone_slab_border_block.json","/behavior_packs/bp/blocks/stone_slab_border_block.json",blockDefaultComponents minecraftMaterialInstances,1,blockDefaultComponents minecraftDestructibleByMining,1,blockDefaultComponents minecraftLoot,1,blockDefaultComponents minecraftDestructibleByExplosion,1,blockDefaultComponents minecraftLightDampening,1,blockDefaultComponents minecraftGeometry,1,
JSONTAGS,102,"Info","","Block file","/behavior_packs/bp/blocks/teeth.json","/behavior_packs/bp/blocks/teeth.json",blockDefaultComponents minecraftTags,1,blockDefaultComponents minecraftMaterialInstances,1,blockDefaultComponents minecraftDestructibleByMining,1,blockDefaultComponents minecraftLoot,1,blockDefaultComponents minecraftDestructibleByExplosion,1,blockDefaultComponents minecraftLightDampening,1,blockDefaultComponents minecraftGeometry,1,
JSONTAGS,102,"Info","","Block file","/behavior_packs/bp/blocks/tekkit_plush_block.json","/behavior_packs/bp/blocks/tekkit_plush_block.json",blockDefaultComponents minecraftLoot,1,blockDefaultComponents minecraftGeometry,1,blockDefaultComponents minecraftMaterialInstances,1,blockDefaultComponents minecraftCollisionBox,1,blockDefaultComponents minecraftSelectionBox,1,blockDefaultComponents minecraftLightDampening,1,permutation valuesPerProperty,4,permutation valuesPerType,4,permutation values,4,blockPermutationComponents minecraftTransformation,4,
JSONTAGS,102,"Info","","Block file","/behavior_packs/bp/blocks/ud_oak_door.json","/behavior_packs/bp/blocks/ud_oak_door.json",blockDefaultComponents minecraftMaterialInstances,1,blockDefaultComponents minecraftDestructibleByMining,1,blockDefaultComponents minecraftLoot,1,blockDefaultComponents minecraftDestructibleByExplosion,1,blockDefaultComponents minecraftLightDampening,1,blockDefaultComponents minecraftGeometry,1,permutation valuesPerProperty,2,permutation valuesPerType,2,permutation values,2,blockPermutationComponents minecraftCollisionBox,1,
JSONTAGS,102,"Info","","Block file","/behavior_packs/bp/blocks/ugly_wallpaper.json","/behavior_packs/bp/blocks/ugly_wallpaper.json",blockDefaultComponents minecraftMaterialInstances,1,blockDefaultComponents minecraftDestructibleByMining,1,blockDefaultComponents minecraftLoot,1,blockDefaultComponents minecraftDestructibleByExplosion,1,blockDefaultComponents minecraftLightDampening,1,blockDefaultComponents minecraftGeometry,1,
JSONTAGS,102,"Info","","Block file","/behavior_packs/bp/blocks/viscera.json","/behavior_packs/bp/blocks/viscera.json",blockDefaultComponents minecraftMaterialInstances,1,blockDefaultComponents minecraftDestructibleByMining,1,blockDefaultComponents minecraftLoot,1,blockDefaultComponents minecraftDestructibleByExplosion,1,blockDefaultComponents minecraftLightDampening,1,blockDefaultComponents minecraftGeometry,1,
JSONTAGS,102,"Info","","Block file","/behavior_packs/bp/blocks/void_bell.json","/behavior_packs/bp/blocks/void_bell.json",blockDefaultComponents minecraftLoot,1,blockDefaultComponents minecraftMaterialInstances,1,blockDefaultComponents minecraftGeometry,1,blockDefaultComponents minecraftCollisionBox,1,blockDefaultComponents minecraftSelectionBox,1,blockDefaultComponents minecraftLightDampening,1,
JSONTAGS,102,"Info","","Block file","/behavior_packs/bp/blocks/void_bloom.json","/behavior_packs/bp/blocks/void_bloom.json",blockDefaultComponents minecraftTags,1,blockDefaultComponents minecraftLoot,1,blockDefaultComponents minecraftMaterialInstances,1,blockDefaultComponents minecraftGeometry,1,blockDefaultComponents minecraftCollisionBox,1,blockDefaultComponents minecraftSelectionBox,1,blockDefaultComponents minecraftLightDampening,1,
JSONTAGS,102,"Info","","Block file","/behavior_packs/bp/blocks/void_blossom.json","/behavior_packs/bp/blocks/void_blossom.json",blockDefaultComponents minecraftTags,1,blockDefaultComponents minecraftLoot,1,blockDefaultComponents minecraftMaterialInstances,1,blockDefaultComponents minecraftGeometry,1,blockDefaultComponents minecraftCollisionBox,1,blockDefaultComponents minecraftSelectionBox,1,blockDefaultComponents minecraftLightDampening,1,
JSONTAGS,102,"Info","","Block file","/behavior_packs/bp/blocks/void_bud.json","/behavior_packs/bp/blocks/void_bud.json",blockDefaultComponents minecraftTags,1,blockDefaultComponents minecraftLoot,1,blockDefaultComponents minecraftMaterialInstances,1,blockDefaultComponents minecraftGeometry,1,blockDefaultComponents minecraftCollisionBox,1,blockDefaultComponents minecraftSelectionBox,1,blockDefaultComponents minecraftLightDampening,1,blockDefaultComponents minecraftTick,1,permutation valuesPerType,6,permutation values,6,blockPermutationComponents minecraftTransformation,5,
JSONTAGS,102,"Info","","Block file","/behavior_packs/bp/blocks/void_budding.json","/behavior_packs/bp/blocks/void_budding.json",blockDefaultComponents minecraftTags,1,blockDefaultComponents minecraftLoot,1,blockDefaultComponents minecraftMaterialInstances,1,blockDefaultComponents minecraftGeometry,1,blockDefaultComponents minecraftCollisionBox,1,blockDefaultComponents minecraftSelectionBox,1,blockDefaultComponents minecraftLightDampening,1,
JSONTAGS,102,"Info","","Block file","/behavior_packs/bp/blocks/void_bush.json","/behavior_packs/bp/blocks/void_bush.json",blockDefaultComponents minecraftLoot,1,blockDefaultComponents minecraftMaterialInstances,1,blockDefaultComponents minecraftGeometry,1,blockDefaultComponents minecraftCollisionBox,1,blockDefaultComponents minecraftSelectionBox,1,blockDefaultComponents minecraftLightDampening,1,
JSONTAGS,102,"Info","","Block file","/behavior_packs/bp/blocks/void_cap.json","/behavior_packs/bp/blocks/void_cap.json",blockDefaultComponents minecraftLoot,1,blockDefaultComponents minecraftMaterialInstances,1,blockDefaultComponents minecraftGeometry,1,blockDefaultComponents minecraftCollisionBox,1,blockDefaultComponents minecraftSelectionBox,1,blockDefaultComponents minecraftLightDampening,1,
JSONTAGS,102,"Info","","Block file","/behavior_packs/bp/blocks/void_door.json","/behavior_packs/bp/blocks/void_door.json",blockDefaultComponents minecraftMaterialInstances,1,blockDefaultComponents minecraftDestructibleByMining,1,blockDefaultComponents minecraftLoot,1,blockDefaultComponents minecraftDestructibleByExplosion,1,blockDefaultComponents minecraftLightDampening,1,blockDefaultComponents minecraftGeometry,1,permutation valuesPerProperty,2,permutation valuesPerType,2,permutation values,2,blockPermutationComponents minecraftCollisionBox,1,
JSONTAGS,102,"Info","","Block file","/behavior_packs/bp/blocks/void_goop_flow.json","/behavior_packs/bp/blocks/void_goop_flow.json",blockDefaultComponents minecraftLoot,1,blockDefaultComponents minecraftMaterialInstances,1,blockDefaultComponents minecraftCollisionBox,1,blockDefaultComponents minecraftLightDampening,1,blockDefaultComponents minecraftGeometry,1,blockDefaultComponents minecraftReplaceable,1,blockDefaultComponents minecraftTick,1,permutation valuesPerProperty,7,permutation valuesPerType,7,permutation values,7,blockPermutationComponents minecraftSelectionBox,7,blockPermutationComponents minecraftGeometry,7,
JSONTAGS,102,"Info","","Block file","/behavior_packs/bp/blocks/void_goop_still.json","/behavior_packs/bp/blocks/void_goop_still.json",blockDefaultComponents minecraftLoot,1,blockDefaultComponents minecraftMaterialInstances,1,blockDefaultComponents minecraftCollisionBox,1,blockDefaultComponents minecraftLightDampening,1,blockDefaultComponents minecraftGeometry,1,blockDefaultComponents minecraftReplaceable,1,blockDefaultComponents minecraftTick,1,
JSONTAGS,102,"Info","","Block file","/behavior_packs/bp/blocks/void_grass.json","/behavior_packs/bp/blocks/void_grass.json",blockDefaultComponents minecraftTags,1,blockDefaultComponents minecraftLoot,1,blockDefaultComponents minecraftMaterialInstances,1,blockDefaultComponents minecraftGeometry,1,blockDefaultComponents minecraftCollisionBox,1,blockDefaultComponents minecraftSelectionBox,1,blockDefaultComponents minecraftLightDampening,1,
JSONTAGS,102,"Info","","Block file","/behavior_packs/bp/blocks/void_log.json","/behavior_packs/bp/blocks/void_log.json",blockDefaultComponents minecraftMaterialInstances,1,blockDefaultComponents minecraftDestructibleByMining,1,blockDefaultComponents minecraftLoot,1,blockDefaultComponents minecraftDestructibleByExplosion,1,blockDefaultComponents minecraftLightDampening,1,blockDefaultComponents minecraftGeometry,1,
JSONTAGS,102,"Info","","Block file","/behavior_packs/bp/blocks/void_log_door.json","/behavior_packs/bp/blocks/void_log_door.json",blockDefaultComponents minecraftMaterialInstances,1,blockDefaultComponents minecraftDestructibleByMining,1,blockDefaultComponents minecraftLoot,1,blockDefaultComponents minecraftDestructibleByExplosion,1,blockDefaultComponents minecraftLightDampening,1,blockDefaultComponents minecraftGeometry,1,permutation valuesPerProperty,2,permutation valuesPerType,2,permutation values,2,blockPermutationComponents minecraftCollisionBox,1,
JSONTAGS,102,"Info","","Block file","/behavior_packs/bp/blocks/void_plank_door.json","/behavior_packs/bp/blocks/void_plank_door.json",blockDefaultComponents minecraftMaterialInstances,1,blockDefaultComponents minecraftDestructibleByMining,1,blockDefaultComponents minecraftLoot,1,blockDefaultComponents minecraftDestructibleByExplosion,1,blockDefaultComponents minecraftLightDampening,1,blockDefaultComponents minecraftGeometry,1,permutation valuesPerProperty,2,permutation valuesPerType,2,permutation values,2,blockPermutationComponents minecraftCollisionBox,1,
JSONTAGS,102,"Info","","Block file","/behavior_packs/bp/blocks/void_plank_slab.json","/behavior_packs/bp/blocks/void_plank_slab.json",blockDefaultComponents minecraftGeometry,1,blockDefaultComponents minecraftMaterialInstances,1,blockDefaultComponents minecraftDestructibleByMining,1,blockDefaultComponents minecraftLoot,1,blockDefaultComponents minecraftDestructibleByExplosion,1,blockDefaultComponents minecraftCollisionBox,1,blockDefaultComponents minecraftLightDampening,1,
JSONTAGS,102,"Info","","Block file","/behavior_packs/bp/blocks/void_plank_stairs.json","/behavior_packs/bp/blocks/void_plank_stairs.json",blockDefaultComponents minecraftGeometry,1,blockDefaultComponents minecraftMaterialInstances,1,blockDefaultComponents minecraftDestructibleByMining,1,blockDefaultComponents minecraftLoot,1,blockDefaultComponents minecraftDestructibleByExplosion,1,blockDefaultComponents minecraftCollisionBox,1,blockDefaultComponents minecraftLightDampening,1,
JSONTAGS,102,"Info","","Block file","/behavior_packs/bp/blocks/void_planks.json","/behavior_packs/bp/blocks/void_planks.json",blockDefaultComponents minecraftMaterialInstances,1,blockDefaultComponents minecraftDestructibleByMining,1,blockDefaultComponents minecraftLoot,1,blockDefaultComponents minecraftDestructibleByExplosion,1,blockDefaultComponents minecraftLightDampening,1,blockDefaultComponents minecraftGeometry,1,
JSONTAGS,102,"Info","","Block file","/behavior_packs/bp/blocks/void_root.json","/behavior_packs/bp/blocks/void_root.json",blockDefaultComponents minecraftTags,1,blockDefaultComponents minecraftLoot,1,blockDefaultComponents minecraftMaterialInstances,1,blockDefaultComponents minecraftGeometry,1,blockDefaultComponents minecraftCollisionBox,1,blockDefaultComponents minecraftSelectionBox,1,blockDefaultComponents minecraftLightDampening,1,
JSONTAGS,102,"Info","","Block file","/behavior_packs/bp/blocks/void_roots.json","/behavior_packs/bp/blocks/void_roots.json",blockDefaultComponents minecraftLoot,1,blockDefaultComponents minecraftMaterialInstances,1,blockDefaultComponents minecraftGeometry,1,blockDefaultComponents minecraftCollisionBox,1,blockDefaultComponents minecraftSelectionBox,1,blockDefaultComponents minecraftLightDampening,1,
JSONTAGS,102,"Info","","Block file","/behavior_packs/bp/blocks/void_shroom.json","/behavior_packs/bp/blocks/void_shroom.json",blockDefaultComponents minecraftLoot,1,blockDefaultComponents minecraftMaterialInstances,1,blockDefaultComponents minecraftGeometry,1,blockDefaultComponents minecraftCollisionBox,1,blockDefaultComponents minecraftSelectionBox,1,blockDefaultComponents minecraftLightDampening,1,
JSONTAGS,102,"Info","","Block file","/behavior_packs/bp/blocks/void_sprout.json","/behavior_packs/bp/blocks/void_sprout.json",blockDefaultComponents minecraftTags,1,blockDefaultComponents minecraftLoot,1,blockDefaultComponents minecraftMaterialInstances,1,blockDefaultComponents minecraftGeometry,1,blockDefaultComponents minecraftCollisionBox,1,blockDefaultComponents minecraftSelectionBox,1,blockDefaultComponents minecraftLightDampening,1,
JSONTAGS,102,"Info","","Block file","/behavior_packs/bp/blocks/void_template_1.json","/behavior_packs/bp/blocks/void_template_1.json",blockDefaultComponents minecraftLoot,1,blockDefaultComponents minecraftMaterialInstances,1,blockDefaultComponents minecraftCollisionBox,1,blockDefaultComponents minecraftSelectionBox,1,blockDefaultComponents minecraftLightDampening,1,blockDefaultComponents minecraftGeometry,1,
JSONTAGS,102,"Info","","Block file","/behavior_packs/bp/blocks/void_template_10.json","/behavior_packs/bp/blocks/void_template_10.json",blockDefaultComponents minecraftLoot,1,blockDefaultComponents minecraftMaterialInstances,1,blockDefaultComponents minecraftCollisionBox,1,blockDefaultComponents minecraftSelectionBox,1,blockDefaultComponents minecraftLightDampening,1,blockDefaultComponents minecraftGeometry,1,
JSONTAGS,102,"Info","","Block file","/behavior_packs/bp/blocks/void_template_11.json","/behavior_packs/bp/blocks/void_template_11.json",blockDefaultComponents minecraftLoot,1,blockDefaultComponents minecraftMaterialInstances,1,blockDefaultComponents minecraftCollisionBox,1,blockDefaultComponents minecraftSelectionBox,1,blockDefaultComponents minecraftLightDampening,1,blockDefaultComponents minecraftGeometry,1,
JSONTAGS,102,"Info","","Block file","/behavior_packs/bp/blocks/void_template_12.json","/behavior_packs/bp/blocks/void_template_12.json",blockDefaultComponents minecraftLoot,1,blockDefaultComponents minecraftMaterialInstances,1,blockDefaultComponents minecraftCollisionBox,1,blockDefaultComponents minecraftSelectionBox,1,blockDefaultComponents minecraftLightDampening,1,blockDefaultComponents minecraftGeometry,1,
JSONTAGS,102,"Info","","Block file","/behavior_packs/bp/blocks/void_template_13.json","/behavior_packs/bp/blocks/void_template_13.json",blockDefaultComponents minecraftLoot,1,blockDefaultComponents minecraftMaterialInstances,1,blockDefaultComponents minecraftCollisionBox,1,blockDefaultComponents minecraftSelectionBox,1,blockDefaultComponents minecraftLightDampening,1,blockDefaultComponents minecraftGeometry,1,
JSONTAGS,102,"Info","","Block file","/behavior_packs/bp/blocks/void_template_14.json","/behavior_packs/bp/blocks/void_template_14.json",blockDefaultComponents minecraftLoot,1,blockDefaultComponents minecraftMaterialInstances,1,blockDefaultComponents minecraftCollisionBox,1,blockDefaultComponents minecraftSelectionBox,1,blockDefaultComponents minecraftLightDampening,1,blockDefaultComponents minecraftGeometry,1,
JSONTAGS,102,"Info","","Block file","/behavior_packs/bp/blocks/void_template_15.json","/behavior_packs/bp/blocks/void_template_15.json",blockDefaultComponents minecraftLoot,1,blockDefaultComponents minecraftMaterialInstances,1,blockDefaultComponents minecraftCollisionBox,1,blockDefaultComponents minecraftSelectionBox,1,blockDefaultComponents minecraftLightDampening,1,blockDefaultComponents minecraftGeometry,1,
JSONTAGS,102,"Info","","Block file","/behavior_packs/bp/blocks/void_template_16.json","/behavior_packs/bp/blocks/void_template_16.json",blockDefaultComponents minecraftLoot,1,blockDefaultComponents minecraftMaterialInstances,1,blockDefaultComponents minecraftCollisionBox,1,blockDefaultComponents minecraftSelectionBox,1,blockDefaultComponents minecraftLightDampening,1,blockDefaultComponents minecraftGeometry,1,
JSONTAGS,102,"Info","","Block file","/behavior_packs/bp/blocks/void_template_2.json","/behavior_packs/bp/blocks/void_template_2.json",blockDefaultComponents minecraftLoot,1,blockDefaultComponents minecraftMaterialInstances,1,blockDefaultComponents minecraftCollisionBox,1,blockDefaultComponents minecraftSelectionBox,1,blockDefaultComponents minecraftLightDampening,1,blockDefaultComponents minecraftGeometry,1,
JSONTAGS,102,"Info","","Block file","/behavior_packs/bp/blocks/void_template_3.json","/behavior_packs/bp/blocks/void_template_3.json",blockDefaultComponents minecraftLoot,1,blockDefaultComponents minecraftMaterialInstances,1,blockDefaultComponents minecraftCollisionBox,1,blockDefaultComponents minecraftSelectionBox,1,blockDefaultComponents minecraftLightDampening,1,blockDefaultComponents minecraftGeometry,1,
JSONTAGS,102,"Info","","Block file","/behavior_packs/bp/blocks/void_template_4.json","/behavior_packs/bp/blocks/void_template_4.json",blockDefaultComponents minecraftLoot,1,blockDefaultComponents minecraftMaterialInstances,1,blockDefaultComponents minecraftCollisionBox,1,blockDefaultComponents minecraftSelectionBox,1,blockDefaultComponents minecraftLightDampening,1,blockDefaultComponents minecraftGeometry,1,
JSONTAGS,102,"Info","","Block file","/behavior_packs/bp/blocks/void_template_5.json","/behavior_packs/bp/blocks/void_template_5.json",blockDefaultComponents minecraftLoot,1,blockDefaultComponents minecraftMaterialInstances,1,blockDefaultComponents minecraftCollisionBox,1,blockDefaultComponents minecraftSelectionBox,1,blockDefaultComponents minecraftLightDampening,1,blockDefaultComponents minecraftGeometry,1,
JSONTAGS,102,"Info","","Block file","/behavior_packs/bp/blocks/void_template_6.json","/behavior_packs/bp/blocks/void_template_6.json",blockDefaultComponents minecraftLoot,1,blockDefaultComponents minecraftMaterialInstances,1,blockDefaultComponents minecraftCollisionBox,1,blockDefaultComponents minecraftSelectionBox,1,blockDefaultComponents minecraftLightDampening,1,blockDefaultComponents minecraftGeometry,1,
JSONTAGS,102,"Info","","Block file","/behavior_packs/bp/blocks/void_template_7.json","/behavior_packs/bp/blocks/void_template_7.json",blockDefaultComponents minecraftLoot,1,blockDefaultComponents minecraftMaterialInstances,1,blockDefaultComponents minecraftCollisionBox,1,blockDefaultComponents minecraftSelectionBox,1,blockDefaultComponents minecraftLightDampening,1,blockDefaultComponents minecraftGeometry,1,
JSONTAGS,102,"Info","","Block file","/behavior_packs/bp/blocks/void_template_8.json","/behavior_packs/bp/blocks/void_template_8.json",blockDefaultComponents minecraftLoot,1,blockDefaultComponents minecraftMaterialInstances,1,blockDefaultComponents minecraftCollisionBox,1,blockDefaultComponents minecraftSelectionBox,1,blockDefaultComponents minecraftLightDampening,1,blockDefaultComponents minecraftGeometry,1,
JSONTAGS,102,"Info","","Block file","/behavior_packs/bp/blocks/void_template_9.json","/behavior_packs/bp/blocks/void_template_9.json",blockDefaultComponents minecraftLoot,1,blockDefaultComponents minecraftMaterialInstances,1,blockDefaultComponents minecraftCollisionBox,1,blockDefaultComponents minecraftSelectionBox,1,blockDefaultComponents minecraftLightDampening,1,blockDefaultComponents minecraftGeometry,1,
JSONTAGS,102,"Info","","Block file","/behavior_packs/bp/blocks/void_vine.json","/behavior_packs/bp/blocks/void_vine.json",blockDefaultComponents minecraftTags,1,blockDefaultComponents minecraftLoot,1,blockDefaultComponents minecraftMaterialInstances,1,blockDefaultComponents minecraftGeometry,1,blockDefaultComponents minecraftCollisionBox,1,blockDefaultComponents minecraftSelectionBox,1,blockDefaultComponents minecraftLightDampening,1,
JSONTAGS,102,"Info","","Block file","/behavior_packs/bp/blocks/void_wood.json","/behavior_packs/bp/blocks/void_wood.json",blockDefaultComponents minecraftMaterialInstances,1,blockDefaultComponents minecraftDestructibleByMining,1,blockDefaultComponents minecraftLoot,1,blockDefaultComponents minecraftDestructibleByExplosion,1,blockDefaultComponents minecraftLightDampening,1,blockDefaultComponents minecraftGeometry,1,
JSONTAGS,102,"Info","","Block file","/behavior_packs/bp/blocks/void_wood_trapdoor.json","/behavior_packs/bp/blocks/void_wood_trapdoor.json",blockDefaultComponents minecraftMaterialInstances,1,blockDefaultComponents minecraftDestructibleByMining,1,blockDefaultComponents minecraftLoot,1,blockDefaultComponents minecraftDestructibleByExplosion,1,blockDefaultComponents minecraftLightDampening,1,blockDefaultComponents minecraftGeometry,1,
JSONTAGS,102,"Info","","Block file","/behavior_packs/bp/blocks/wendigo_plush_block.json","/behavior_packs/bp/blocks/wendigo_plush_block.json",blockDefaultComponents minecraftLoot,1,blockDefaultComponents minecraftGeometry,1,blockDefaultComponents minecraftMaterialInstances,1,blockDefaultComponents minecraftCollisionBox,1,blockDefaultComponents minecraftSelectionBox,1,blockDefaultComponents minecraftLightDampening,1,permutation valuesPerProperty,4,permutation valuesPerType,4,permutation values,4,blockPermutationComponents minecraftTransformation,4,
JSONTAGS,102,"Info","","Block file","/behavior_packs/bp/blocks/white.json","/behavior_packs/bp/blocks/white.json",blockDefaultComponents minecraftMaterialInstances,1,blockDefaultComponents minecraftDestructibleByMining,1,blockDefaultComponents minecraftLoot,1,blockDefaultComponents minecraftDestructibleByExplosion,1,blockDefaultComponents minecraftLightDampening,1,blockDefaultComponents minecraftGeometry,1,
JSONTAGS,102,"Info","","Block file","/behavior_packs/bp/blocks/yharim_plush_block.json","/behavior_packs/bp/blocks/yharim_plush_block.json",blockDefaultComponents minecraftLoot,1,blockDefaultComponents minecraftGeometry,1,blockDefaultComponents minecraftMaterialInstances,1,blockDefaultComponents minecraftCollisionBox,1,blockDefaultComponents minecraftSelectionBox,1,blockDefaultComponents minecraftLightDampening,1,permutation valuesPerProperty,4,permutation valuesPerType,4,permutation values,4,blockPermutationComponents minecraftTransformation,4,
JSONTAGS,102,"Info","","Block file","/behavior_packs/bp/blocks/zetos_plush_block.json","/behavior_packs/bp/blocks/zetos_plush_block.json",blockDefaultComponents minecraftLoot,1,blockDefaultComponents minecraftGeometry,1,blockDefaultComponents minecraftMaterialInstances,1,blockDefaultComponents minecraftCollisionBox,1,blockDefaultComponents minecraftSelectionBox,1,blockDefaultComponents minecraftLightDampening,1,permutation valuesPerProperty,4,permutation valuesPerType,4,permutation values,4,blockPermutationComponents minecraftTransformation,4,
JSONTAGS,102,"Info","","Block file","/behavior_packs/bp/loot_tables/blocks/a_flower.json","/behavior_packs/bp/loot_tables/blocks/a_flower.json",
JSONTAGS,102,"Info","","Block file","/behavior_packs/bp/loot_tables/blocks/all_dead.json","/behavior_packs/bp/loot_tables/blocks/all_dead.json",
JSONTAGS,102,"Info","","Block file","/behavior_packs/bp/loot_tables/blocks/bennie_plush.json","/behavior_packs/bp/loot_tables/blocks/bennie_plush.json",
JSONTAGS,102,"Info","","Block file","/behavior_packs/bp/loot_tables/blocks/berry_plush.json","/behavior_packs/bp/loot_tables/blocks/berry_plush.json",
JSONTAGS,102,"Info","","Block file","/behavior_packs/bp/loot_tables/blocks/block_is_missing_id.json","/behavior_packs/bp/loot_tables/blocks/block_is_missing_id.json",
JSONTAGS,102,"Info","","Block file","/behavior_packs/bp/loot_tables/blocks/border_block.json","/behavior_packs/bp/loot_tables/blocks/border_block.json",
JSONTAGS,102,"Info","","Block file","/behavior_packs/bp/loot_tables/blocks/ceiling_light.json","/behavior_packs/bp/loot_tables/blocks/ceiling_light.json",
JSONTAGS,102,"Info","","Block file","/behavior_packs/bp/loot_tables/blocks/ceiling_tile.json","/behavior_packs/bp/loot_tables/blocks/ceiling_tile.json",
JSONTAGS,102,"Info","","Block file","/behavior_packs/bp/loot_tables/blocks/chiseled_moon_stone_bricks.json","/behavior_packs/bp/loot_tables/blocks/chiseled_moon_stone_bricks.json",
JSONTAGS,102,"Info","","Block file","/behavior_packs/bp/loot_tables/blocks/cobblestone_border_block.json","/behavior_packs/bp/loot_tables/blocks/cobblestone_border_block.json",
JSONTAGS,102,"Info","","Block file","/behavior_packs/bp/loot_tables/blocks/command.json","/behavior_packs/bp/loot_tables/blocks/command.json",
JSONTAGS,102,"Info","","Block file","/behavior_packs/bp/loot_tables/blocks/command_block_giver.json","/behavior_packs/bp/loot_tables/blocks/command_block_giver.json",
JSONTAGS,102,"Info","","Block file","/behavior_packs/bp/loot_tables/blocks/concrete.json","/behavior_packs/bp/loot_tables/blocks/concrete.json",
JSONTAGS,102,"Info","","Block file","/behavior_packs/bp/loot_tables/blocks/corrupted_moon_stone_bricks.json","/behavior_packs/bp/loot_tables/blocks/corrupted_moon_stone_bricks.json",
JSONTAGS,102,"Info","","Block file","/behavior_packs/bp/loot_tables/blocks/decomposed_semiotics.json","/behavior_packs/bp/loot_tables/blocks/decomposed_semiotics.json",
JSONTAGS,102,"Info","","Block file","/behavior_packs/bp/loot_tables/blocks/deviation.json","/behavior_packs/bp/loot_tables/blocks/deviation.json",
JSONTAGS,102,"Info","","Block file","/behavior_packs/bp/loot_tables/blocks/dirt_border_block.json","/behavior_packs/bp/loot_tables/blocks/dirt_border_block.json",
JSONTAGS,102,"Info","","Block file","/behavior_packs/bp/loot_tables/blocks/disruption.json","/behavior_packs/bp/loot_tables/blocks/disruption.json",
JSONTAGS,102,"Info","","Block file","/behavior_packs/bp/loot_tables/blocks/dominik_plush.json","/behavior_packs/bp/loot_tables/blocks/dominik_plush.json",
JSONTAGS,102,"Info","","Block file","/behavior_packs/bp/loot_tables/blocks/ebridger_plush.json","/behavior_packs/bp/loot_tables/blocks/ebridger_plush.json",
JSONTAGS,102,"Info","","Block file","/behavior_packs/bp/loot_tables/blocks/elderly_plush.json","/behavior_packs/bp/loot_tables/blocks/elderly_plush.json",
JSONTAGS,102,"Info","","Block file","/behavior_packs/bp/loot_tables/blocks/eldritch_plush.json","/behavior_packs/bp/loot_tables/blocks/eldritch_plush.json",
JSONTAGS,102,"Info","","Block file","/behavior_packs/bp/loot_tables/blocks/empty.json","/behavior_packs/bp/loot_tables/blocks/empty.json",
JSONTAGS,102,"Info","","Block file","/behavior_packs/bp/loot_tables/blocks/exit.json","/behavior_packs/bp/loot_tables/blocks/exit.json",
JSONTAGS,102,"Info","","Block file","/behavior_packs/bp/loot_tables/blocks/eyae_plush.json","/behavior_packs/bp/loot_tables/blocks/eyae_plush.json",
JSONTAGS,102,"Info","","Block file","/behavior_packs/bp/loot_tables/blocks/flesh.json","/behavior_packs/bp/loot_tables/blocks/flesh.json",
JSONTAGS,102,"Info","","Block file","/behavior_packs/bp/loot_tables/blocks/garreth_plush.json","/behavior_packs/bp/loot_tables/blocks/garreth_plush.json",
JSONTAGS,102,"Info","","Block file","/behavior_packs/bp/loot_tables/blocks/glass_border_block.json","/behavior_packs/bp/loot_tables/blocks/glass_border_block.json",
JSONTAGS,102,"Info","","Block file","/behavior_packs/bp/loot_tables/blocks/hello.json","/behavior_packs/bp/loot_tables/blocks/hello.json",
JSONTAGS,102,"Info","","Block file","/behavior_packs/bp/loot_tables/blocks/hermit_plush.json","/behavior_packs/bp/loot_tables/blocks/hermit_plush.json",
JSONTAGS,102,"Info","","Block file","/behavior_packs/bp/loot_tables/blocks/initiator.json","/behavior_packs/bp/loot_tables/blocks/initiator.json",
JSONTAGS,102,"Info","","Block file","/behavior_packs/bp/loot_tables/blocks/int.json","/behavior_packs/bp/loot_tables/blocks/int.json",
JSONTAGS,102,"Info","","Block file","/behavior_packs/bp/loot_tables/blocks/intense_projection.json","/behavior_packs/bp/loot_tables/blocks/intense_projection.json",
JSONTAGS,102,"Info","","Block file","/behavior_packs/bp/loot_tables/blocks/it.json","/behavior_packs/bp/loot_tables/blocks/it.json",
JSONTAGS,102,"Info","","Block file","/behavior_packs/bp/loot_tables/blocks/jd_plush.json","/behavior_packs/bp/loot_tables/blocks/jd_plush.json",
JSONTAGS,102,"Info","","Block file","/behavior_packs/bp/loot_tables/blocks/jim_trigger_1.json","/behavior_packs/bp/loot_tables/blocks/jim_trigger_1.json",
JSONTAGS,102,"Info","","Block file","/behavior_packs/bp/loot_tables/blocks/jim_trigger_2.json","/behavior_packs/bp/loot_tables/blocks/jim_trigger_2.json",
JSONTAGS,102,"Info","","Block file","/behavior_packs/bp/loot_tables/blocks/jim_trigger_3.json","/behavior_packs/bp/loot_tables/blocks/jim_trigger_3.json",
JSONTAGS,102,"Info","","Block file","/behavior_packs/bp/loot_tables/blocks/jim_trigger_4.json","/behavior_packs/bp/loot_tables/blocks/jim_trigger_4.json",
JSONTAGS,102,"Info","","Block file","/behavior_packs/bp/loot_tables/blocks/lily_of_the_abyss.json","/behavior_packs/bp/loot_tables/blocks/lily_of_the_abyss.json",
JSONTAGS,102,"Info","","Block file","/behavior_packs/bp/loot_tables/blocks/limbo.json","/behavior_packs/bp/loot_tables/blocks/limbo.json",
JSONTAGS,102,"Info","","Block file","/behavior_packs/bp/loot_tables/blocks/lost_plush.json","/behavior_packs/bp/loot_tables/blocks/lost_plush.json",
JSONTAGS,102,"Info","","Block file","/behavior_packs/bp/loot_tables/blocks/lovemist_plush.json","/behavior_packs/bp/loot_tables/blocks/lovemist_plush.json",
JSONTAGS,102,"Info","","Block file","/behavior_packs/bp/loot_tables/blocks/mc_plush.json","/behavior_packs/bp/loot_tables/blocks/mc_plush.json",
JSONTAGS,102,"Info","","Block file","/behavior_packs/bp/loot_tables/blocks/moist_carpet.json","/behavior_packs/bp/loot_tables/blocks/moist_carpet.json",
JSONTAGS,102,"Info","","Block file","/behavior_packs/bp/loot_tables/blocks/moji_plush.json","/behavior_packs/bp/loot_tables/blocks/moji_plush.json",
JSONTAGS,102,"Info","","Block file","/behavior_packs/bp/loot_tables/blocks/mono_library.json","/behavior_packs/bp/loot_tables/blocks/mono_library.json",
JSONTAGS,102,"Info","","Block file","/behavior_packs/bp/loot_tables/blocks/mono_planks.json","/behavior_packs/bp/loot_tables/blocks/mono_planks.json",
JSONTAGS,102,"Info","","Block file","/behavior_packs/bp/loot_tables/blocks/mono_slab.json","/behavior_packs/bp/loot_tables/blocks/mono_slab.json",
JSONTAGS,102,"Info","","Block file","/behavior_packs/bp/loot_tables/blocks/mono_stairs.json","/behavior_packs/bp/loot_tables/blocks/mono_stairs.json",
JSONTAGS,102,"Info","","Block file","/behavior_packs/bp/loot_tables/blocks/moon_stone.json","/behavior_packs/bp/loot_tables/blocks/moon_stone.json",
JSONTAGS,102,"Info","","Block file","/behavior_packs/bp/loot_tables/blocks/moon_stone_brick_slab.json","/behavior_packs/bp/loot_tables/blocks/moon_stone_brick_slab.json",
JSONTAGS,102,"Info","","Block file","/behavior_packs/bp/loot_tables/blocks/moon_stone_brick_stairs.json","/behavior_packs/bp/loot_tables/blocks/moon_stone_brick_stairs.json",
JSONTAGS,102,"Info","","Block file","/behavior_packs/bp/loot_tables/blocks/moon_stone_brick_wall.json","/behavior_packs/bp/loot_tables/blocks/moon_stone_brick_wall.json",
JSONTAGS,102,"Info","","Block file","/behavior_packs/bp/loot_tables/blocks/moon_stone_bricks.json","/behavior_packs/bp/loot_tables/blocks/moon_stone_bricks.json",
JSONTAGS,102,"Info","","Block file","/behavior_packs/bp/loot_tables/blocks/nahbro_plush.json","/behavior_packs/bp/loot_tables/blocks/nahbro_plush.json",
JSONTAGS,102,"Info","","Block file","/behavior_packs/bp/loot_tables/blocks/name_missing.json","/behavior_packs/bp/loot_tables/blocks/name_missing.json",
JSONTAGS,102,"Info","","Block file","/behavior_packs/bp/loot_tables/blocks/necrosis.json","/behavior_packs/bp/loot_tables/blocks/necrosis.json",
JSONTAGS,102,"Info","","Block file","/behavior_packs/bp/loot_tables/blocks/new_vein.json","/behavior_packs/bp/loot_tables/blocks/new_vein.json",
JSONTAGS,102,"Info","","Block file","/behavior_packs/bp/loot_tables/blocks/nothing.json","/behavior_packs/bp/loot_tables/blocks/nothing.json",
JSONTAGS,102,"Info","","Block file","/behavior_packs/bp/loot_tables/blocks/nowhere_block.json","/behavior_packs/bp/loot_tables/blocks/nowhere_block.json",
JSONTAGS,102,"Info","","Block file","/behavior_packs/bp/loot_tables/blocks/null.json","/behavior_packs/bp/loot_tables/blocks/null.json",
JSONTAGS,102,"Info","","Block file","/behavior_packs/bp/loot_tables/blocks/null_structure.json","/behavior_packs/bp/loot_tables/blocks/null_structure.json",
JSONTAGS,102,"Info","","Block file","/behavior_packs/bp/loot_tables/blocks/obsidian.json","/behavior_packs/bp/loot_tables/blocks/obsidian.json",
JSONTAGS,102,"Info","","Block file","/behavior_packs/bp/loot_tables/blocks/oldblock.json","/behavior_packs/bp/loot_tables/blocks/oldblock.json",
JSONTAGS,102,"Info","","Block file","/behavior_packs/bp/loot_tables/blocks/physical_stacktrace.json","/behavior_packs/bp/loot_tables/blocks/physical_stacktrace.json",
JSONTAGS,102,"Info","","Block file","/behavior_packs/bp/loot_tables/blocks/polished_moon_stone.json","/behavior_packs/bp/loot_tables/blocks/polished_moon_stone.json",
JSONTAGS,102,"Info","","Block file","/behavior_packs/bp/loot_tables/blocks/polished_moon_stone_slab.json","/behavior_packs/bp/loot_tables/blocks/polished_moon_stone_slab.json",
JSONTAGS,102,"Info","","Block file","/behavior_packs/bp/loot_tables/blocks/polished_moon_stone_stairs.json","/behavior_packs/bp/loot_tables/blocks/polished_moon_stone_stairs.json",
JSONTAGS,102,"Info","","Block file","/behavior_packs/bp/loot_tables/blocks/polished_moon_stone_wall.json","/behavior_packs/bp/loot_tables/blocks/polished_moon_stone_wall.json",
JSONTAGS,102,"Info","","Block file","/behavior_packs/bp/loot_tables/blocks/portal_controller.json","/behavior_packs/bp/loot_tables/blocks/portal_controller.json",
JSONTAGS,102,"Info","","Block file","/behavior_packs/bp/loot_tables/blocks/portal_extender.json","/behavior_packs/bp/loot_tables/blocks/portal_extender.json",
JSONTAGS,102,"Info","","Block file","/behavior_packs/bp/loot_tables/blocks/potted_lily_of_the_abyss.json","/behavior_packs/bp/loot_tables/blocks/potted_lily_of_the_abyss.json",
JSONTAGS,102,"Info","","Block file","/behavior_packs/bp/loot_tables/blocks/potted_void_bell.json","/behavior_packs/bp/loot_tables/blocks/potted_void_bell.json",
JSONTAGS,102,"Info","","Block file","/behavior_packs/bp/loot_tables/blocks/potted_void_cap.json","/behavior_packs/bp/loot_tables/blocks/potted_void_cap.json",
JSONTAGS,102,"Info","","Block file","/behavior_packs/bp/loot_tables/blocks/potted_void_shroom.json","/behavior_packs/bp/loot_tables/blocks/potted_void_shroom.json",
JSONTAGS,102,"Info","","Block file","/behavior_packs/bp/loot_tables/blocks/protected_void.json","/behavior_packs/bp/loot_tables/blocks/protected_void.json",
JSONTAGS,102,"Info","","Block file","/behavior_packs/bp/loot_tables/blocks/protected_void_fence.json","/behavior_packs/bp/loot_tables/blocks/protected_void_fence.json",
JSONTAGS,102,"Info","","Block file","/behavior_packs/bp/loot_tables/blocks/protected_void_light.json","/behavior_packs/bp/loot_tables/blocks/protected_void_light.json",
JSONTAGS,102,"Info","","Block file","/behavior_packs/bp/loot_tables/blocks/protected_void_slab.json","/behavior_packs/bp/loot_tables/blocks/protected_void_slab.json",
JSONTAGS,102,"Info","","Block file","/behavior_packs/bp/loot_tables/blocks/protected_void_stairs.json","/behavior_packs/bp/loot_tables/blocks/protected_void_stairs.json",
JSONTAGS,102,"Info","","Block file","/behavior_packs/bp/loot_tables/blocks/protected_void_wall.json","/behavior_packs/bp/loot_tables/blocks/protected_void_wall.json",
JSONTAGS,102,"Info","","Block file","/behavior_packs/bp/loot_tables/blocks/pyrit_plush.json","/behavior_packs/bp/loot_tables/blocks/pyrit_plush.json",
JSONTAGS,102,"Info","","Block file","/behavior_packs/bp/loot_tables/blocks/r_3.json","/behavior_packs/bp/loot_tables/blocks/r_3.json",
JSONTAGS,102,"Info","","Block file","/behavior_packs/bp/loot_tables/blocks/raevant_plush.json","/behavior_packs/bp/loot_tables/blocks/raevant_plush.json",
JSONTAGS,102,"Info","","Block file","/behavior_packs/bp/loot_tables/blocks/rdh_plush.json","/behavior_packs/bp/loot_tables/blocks/rdh_plush.json",
JSONTAGS,102,"Info","","Block file","/behavior_packs/bp/loot_tables/blocks/red_ceiling_light.json","/behavior_packs/bp/loot_tables/blocks/red_ceiling_light.json",
JSONTAGS,102,"Info","","Block file","/behavior_packs/bp/loot_tables/blocks/red_ceiling_tile.json","/behavior_packs/bp/loot_tables/blocks/red_ceiling_tile.json",
JSONTAGS,102,"Info","","Block file","/behavior_packs/bp/loot_tables/blocks/red_moist_carpet.json","/behavior_packs/bp/loot_tables/blocks/red_moist_carpet.json",
JSONTAGS,102,"Info","","Block file","/behavior_packs/bp/loot_tables/blocks/red_ugly_wallpaper.json","/behavior_packs/bp/loot_tables/blocks/red_ugly_wallpaper.json",
JSONTAGS,102,"Info","","Block file","/behavior_packs/bp/loot_tables/blocks/redstone_plush.json","/behavior_packs/bp/loot_tables/blocks/redstone_plush.json",
JSONTAGS,102,"Info","","Block file","/behavior_packs/bp/loot_tables/blocks/shadow_bug.json","/behavior_packs/bp/loot_tables/blocks/shadow_bug.json",
JSONTAGS,102,"Info","","Block file","/behavior_packs/bp/loot_tables/blocks/shadow_plush.json","/behavior_packs/bp/loot_tables/blocks/shadow_plush.json",
JSONTAGS,102,"Info","","Block file","/behavior_packs/bp/loot_tables/blocks/sideways_cobblestone_stairs.json","/behavior_packs/bp/loot_tables/blocks/sideways_cobblestone_stairs.json",
JSONTAGS,102,"Info","","Block file","/behavior_packs/bp/loot_tables/blocks/sideways_fence.json","/behavior_packs/bp/loot_tables/blocks/sideways_fence.json",
JSONTAGS,102,"Info","","Block file","/behavior_packs/bp/loot_tables/blocks/sideways_furnace.json","/behavior_packs/bp/loot_tables/blocks/sideways_furnace.json",
JSONTAGS,102,"Info","","Block file","/behavior_packs/bp/loot_tables/blocks/sideways_pane.json","/behavior_packs/bp/loot_tables/blocks/sideways_pane.json",
JSONTAGS,102,"Info","","Block file","/behavior_packs/bp/loot_tables/blocks/skie_plush.json","/behavior_packs/bp/loot_tables/blocks/skie_plush.json",
JSONTAGS,102,"Info","","Block file","/behavior_packs/bp/loot_tables/blocks/smooth_stone_vertical_slab.json","/behavior_packs/bp/loot_tables/blocks/smooth_stone_vertical_slab.json",
JSONTAGS,102,"Info","","Block file","/behavior_packs/bp/loot_tables/blocks/spruce_wood_slab.json","/behavior_packs/bp/loot_tables/blocks/spruce_wood_slab.json",
JSONTAGS,102,"Info","","Block file","/behavior_packs/bp/loot_tables/blocks/stevelocks_plush.json","/behavior_packs/bp/loot_tables/blocks/stevelocks_plush.json",
JSONTAGS,102,"Info","","Block file","/behavior_packs/bp/loot_tables/blocks/stone_border_block.json","/behavior_packs/bp/loot_tables/blocks/stone_border_block.json",
JSONTAGS,102,"Info","","Block file","/behavior_packs/bp/loot_tables/blocks/stone_slab_border_block.json","/behavior_packs/bp/loot_tables/blocks/stone_slab_border_block.json",
JSONTAGS,102,"Info","","Block file","/behavior_packs/bp/loot_tables/blocks/teeth.json","/behavior_packs/bp/loot_tables/blocks/teeth.json",
JSONTAGS,102,"Info","","Block file","/behavior_packs/bp/loot_tables/blocks/tekkit_plush.json","/behavior_packs/bp/loot_tables/blocks/tekkit_plush.json",
JSONTAGS,102,"Info","","Block file","/behavior_packs/bp/loot_tables/blocks/ud_oak_door.json","/behavior_packs/bp/loot_tables/blocks/ud_oak_door.json",
JSONTAGS,102,"Info","","Block file","/behavior_packs/bp/loot_tables/blocks/ugly_wallpaper.json","/behavior_packs/bp/loot_tables/blocks/ugly_wallpaper.json",
JSONTAGS,102,"Info","","Block file","/behavior_packs/bp/loot_tables/blocks/viscera.json","/behavior_packs/bp/loot_tables/blocks/viscera.json",
JSONTAGS,102,"Info","","Block file","/behavior_packs/bp/loot_tables/blocks/void_bell.json","/behavior_packs/bp/loot_tables/blocks/void_bell.json",
JSONTAGS,102,"Info","","Block file","/behavior_packs/bp/loot_tables/blocks/void_bloom.json","/behavior_packs/bp/loot_tables/blocks/void_bloom.json",
JSONTAGS,102,"Info","","Block file","/behavior_packs/bp/loot_tables/blocks/void_blossom.json","/behavior_packs/bp/loot_tables/blocks/void_blossom.json",
JSONTAGS,102,"Info","","Block file","/behavior_packs/bp/loot_tables/blocks/void_bud.json","/behavior_packs/bp/loot_tables/blocks/void_bud.json",
JSONTAGS,102,"Info","","Block file","/behavior_packs/bp/loot_tables/blocks/void_budding.json","/behavior_packs/bp/loot_tables/blocks/void_budding.json",
JSONTAGS,102,"Info","","Block file","/behavior_packs/bp/loot_tables/blocks/void_bush.json","/behavior_packs/bp/loot_tables/blocks/void_bush.json",
JSONTAGS,102,"Info","","Block file","/behavior_packs/bp/loot_tables/blocks/void_cap.json","/behavior_packs/bp/loot_tables/blocks/void_cap.json",
JSONTAGS,102,"Info","","Block file","/behavior_packs/bp/loot_tables/blocks/void_door.json","/behavior_packs/bp/loot_tables/blocks/void_door.json",
JSONTAGS,102,"Info","","Block file","/behavior_packs/bp/loot_tables/blocks/void_goop_flow.json","/behavior_packs/bp/loot_tables/blocks/void_goop_flow.json",
JSONTAGS,102,"Info","","Block file","/behavior_packs/bp/loot_tables/blocks/void_goop_still.json","/behavior_packs/bp/loot_tables/blocks/void_goop_still.json",
JSONTAGS,102,"Info","","Block file","/behavior_packs/bp/loot_tables/blocks/void_grass.json","/behavior_packs/bp/loot_tables/blocks/void_grass.json",
JSONTAGS,102,"Info","","Block file","/behavior_packs/bp/loot_tables/blocks/void_log.json","/behavior_packs/bp/loot_tables/blocks/void_log.json",
JSONTAGS,102,"Info","","Block file","/behavior_packs/bp/loot_tables/blocks/void_log_door.json","/behavior_packs/bp/loot_tables/blocks/void_log_door.json",
JSONTAGS,102,"Info","","Block file","/behavior_packs/bp/loot_tables/blocks/void_plank_door.json","/behavior_packs/bp/loot_tables/blocks/void_plank_door.json",
JSONTAGS,102,"Info","","Block file","/behavior_packs/bp/loot_tables/blocks/void_plank_slab.json","/behavior_packs/bp/loot_tables/blocks/void_plank_slab.json",
JSONTAGS,102,"Info","","Block file","/behavior_packs/bp/loot_tables/blocks/void_plank_stairs.json","/behavior_packs/bp/loot_tables/blocks/void_plank_stairs.json",
JSONTAGS,102,"Info","","Block file","/behavior_packs/bp/loot_tables/blocks/void_planks.json","/behavior_packs/bp/loot_tables/blocks/void_planks.json",
JSONTAGS,102,"Info","","Block file","/behavior_packs/bp/loot_tables/blocks/void_root.json","/behavior_packs/bp/loot_tables/blocks/void_root.json",
JSONTAGS,102,"Info","","Block file","/behavior_packs/bp/loot_tables/blocks/void_roots.json","/behavior_packs/bp/loot_tables/blocks/void_roots.json",
JSONTAGS,102,"Info","","Block file","/behavior_packs/bp/loot_tables/blocks/void_shroom.json","/behavior_packs/bp/loot_tables/blocks/void_shroom.json",
JSONTAGS,102,"Info","","Block file","/behavior_packs/bp/loot_tables/blocks/void_sprout.json","/behavior_packs/bp/loot_tables/blocks/void_sprout.json",
JSONTAGS,102,"Info","","Block file","/behavior_packs/bp/loot_tables/blocks/void_template_1.json","/behavior_packs/bp/loot_tables/blocks/void_template_1.json",
JSONTAGS,102,"Info","","Block file","/behavior_packs/bp/loot_tables/blocks/void_template_10.json","/behavior_packs/bp/loot_tables/blocks/void_template_10.json",
JSONTAGS,102,"Info","","Block file","/behavior_packs/bp/loot_tables/blocks/void_template_11.json","/behavior_packs/bp/loot_tables/blocks/void_template_11.json",
JSONTAGS,102,"Info","","Block file","/behavior_packs/bp/loot_tables/blocks/void_template_12.json","/behavior_packs/bp/loot_tables/blocks/void_template_12.json",
JSONTAGS,102,"Info","","Block file","/behavior_packs/bp/loot_tables/blocks/void_template_13.json","/behavior_packs/bp/loot_tables/blocks/void_template_13.json",
JSONTAGS,102,"Info","","Block file","/behavior_packs/bp/loot_tables/blocks/void_template_14.json","/behavior_packs/bp/loot_tables/blocks/void_template_14.json",
JSONTAGS,102,"Info","","Block file","/behavior_packs/bp/loot_tables/blocks/void_template_15.json","/behavior_packs/bp/loot_tables/blocks/void_template_15.json",
JSONTAGS,102,"Info","","Block file","/behavior_packs/bp/loot_tables/blocks/void_template_16.json","/behavior_packs/bp/loot_tables/blocks/void_template_16.json",
JSONTAGS,102,"Info","","Block file","/behavior_packs/bp/loot_tables/blocks/void_template_2.json","/behavior_packs/bp/loot_tables/blocks/void_template_2.json",
JSONTAGS,102,"Info","","Block file","/behavior_packs/bp/loot_tables/blocks/void_template_3.json","/behavior_packs/bp/loot_tables/blocks/void_template_3.json",
JSONTAGS,102,"Info","","Block file","/behavior_packs/bp/loot_tables/blocks/void_template_4.json","/behavior_packs/bp/loot_tables/blocks/void_template_4.json",
JSONTAGS,102,"Info","","Block file","/behavior_packs/bp/loot_tables/blocks/void_template_5.json","/behavior_packs/bp/loot_tables/blocks/void_template_5.json",
JSONTAGS,102,"Info","","Block file","/behavior_packs/bp/loot_tables/blocks/void_template_6.json","/behavior_packs/bp/loot_tables/blocks/void_template_6.json",
JSONTAGS,102,"Info","","Block file","/behavior_packs/bp/loot_tables/blocks/void_template_7.json","/behavior_packs/bp/loot_tables/blocks/void_template_7.json",
JSONTAGS,102,"Info","","Block file","/behavior_packs/bp/loot_tables/blocks/void_template_8.json","/behavior_packs/bp/loot_tables/blocks/void_template_8.json",
JSONTAGS,102,"Info","","Block file","/behavior_packs/bp/loot_tables/blocks/void_template_9.json","/behavior_packs/bp/loot_tables/blocks/void_template_9.json",
JSONTAGS,102,"Info","","Block file","/behavior_packs/bp/loot_tables/blocks/void_vine.json","/behavior_packs/bp/loot_tables/blocks/void_vine.json",
JSONTAGS,102,"Info","","Block file","/behavior_packs/bp/loot_tables/blocks/void_wood.json","/behavior_packs/bp/loot_tables/blocks/void_wood.json",
JSONTAGS,102,"Info","","Block file","/behavior_packs/bp/loot_tables/blocks/void_wood_trapdoor.json","/behavior_packs/bp/loot_tables/blocks/void_wood_trapdoor.json",
JSONTAGS,102,"Info","","Block file","/behavior_packs/bp/loot_tables/blocks/wendigo_plush.json","/behavior_packs/bp/loot_tables/blocks/wendigo_plush.json",
JSONTAGS,102,"Info","","Block file","/behavior_packs/bp/loot_tables/blocks/white.json","/behavior_packs/bp/loot_tables/blocks/white.json",
JSONTAGS,102,"Info","","Block file","/behavior_packs/bp/loot_tables/blocks/yharim_plush.json","/behavior_packs/bp/loot_tables/blocks/yharim_plush.json",
JSONTAGS,102,"Info","","Block file","/behavior_packs/bp/loot_tables/blocks/zetos_plush.json","/behavior_packs/bp/loot_tables/blocks/zetos_plush.json",
JSONTAGS,102,"Info","","Block file","/resource_packs/rp/models/blocks/plush/bennie.geo.json","/resource_packs/rp/models/blocks/plush/bennie.geo.json",
JSONTAGS,102,"Info","","Block file","/resource_packs/rp/models/blocks/plush/berry.geo.json","/resource_packs/rp/models/blocks/plush/berry.geo.json",
JSONTAGS,102,"Info","","Block file","/resource_packs/rp/models/blocks/plush/dominik.geo.json","/resource_packs/rp/models/blocks/plush/dominik.geo.json",
JSONTAGS,102,"Info","","Block file","/resource_packs/rp/models/blocks/plush/ebridger.geo.json","/resource_packs/rp/models/blocks/plush/ebridger.geo.json",
JSONTAGS,102,"Info","","Block file","/resource_packs/rp/models/blocks/plush/elderly.geo.json","/resource_packs/rp/models/blocks/plush/elderly.geo.json",
JSONTAGS,102,"Info","","Block file","/resource_packs/rp/models/blocks/plush/eldritch.geo.json","/resource_packs/rp/models/blocks/plush/eldritch.geo.json",
JSONTAGS,102,"Info","","Block file","/resource_packs/rp/models/blocks/plush/eyae.geo.json","/resource_packs/rp/models/blocks/plush/eyae.geo.json",
JSONTAGS,102,"Info","","Block file","/resource_packs/rp/models/blocks/plush/garreth.geo.json","/resource_packs/rp/models/blocks/plush/garreth.geo.json",
JSONTAGS,102,"Info","","Block file","/resource_packs/rp/models/blocks/plush/hermit.geo.json","/resource_packs/rp/models/blocks/plush/hermit.geo.json",
JSONTAGS,102,"Info","","Block file","/resource_packs/rp/models/blocks/plush/jd.geo.json","/resource_packs/rp/models/blocks/plush/jd.geo.json",
JSONTAGS,102,"Info","","Block file","/resource_packs/rp/models/blocks/plush/lost.geo.json","/resource_packs/rp/models/blocks/plush/lost.geo.json",
JSONTAGS,102,"Info","","Block file","/resource_packs/rp/models/blocks/plush/lovemist.geo.json","/resource_packs/rp/models/blocks/plush/lovemist.geo.json",
JSONTAGS,102,"Info","","Block file","/resource_packs/rp/models/blocks/plush/mc.geo.json","/resource_packs/rp/models/blocks/plush/mc.geo.json",
JSONTAGS,102,"Info","","Block file","/resource_packs/rp/models/blocks/plush/moji.geo.json","/resource_packs/rp/models/blocks/plush/moji.geo.json",
JSONTAGS,102,"Info","","Block file","/resource_packs/rp/models/blocks/plush/nahbro.geo.json","/resource_packs/rp/models/blocks/plush/nahbro.geo.json",
JSONTAGS,102,"Info","","Block file","/resource_packs/rp/models/blocks/plush/pyrit.geo.json","/resource_packs/rp/models/blocks/plush/pyrit.geo.json",
JSONTAGS,102,"Info","","Block file","/resource_packs/rp/models/blocks/plush/raevant.geo.json","/resource_packs/rp/models/blocks/plush/raevant.geo.json",
JSONTAGS,102,"Info","","Block file","/resource_packs/rp/models/blocks/plush/rdh.geo.json","/resource_packs/rp/models/blocks/plush/rdh.geo.json",
JSONTAGS,102,"Info","","Block file","/resource_packs/rp/models/blocks/plush/redstone.geo.json","/resource_packs/rp/models/blocks/plush/redstone.geo.json",
JSONTAGS,102,"Info","","Block file","/resource_packs/rp/models/blocks/plush/shadow.geo.json","/resource_packs/rp/models/blocks/plush/shadow.geo.json",
JSONTAGS,102,"Info","","Block file","/resource_packs/rp/models/blocks/plush/skie.geo.json","/resource_packs/rp/models/blocks/plush/skie.geo.json",
JSONTAGS,102,"Info","","Block file","/resource_packs/rp/models/blocks/plush/stevelocks.geo.json","/resource_packs/rp/models/blocks/plush/stevelocks.geo.json",
JSONTAGS,102,"Info","","Block file","/resource_packs/rp/models/blocks/plush/tekkit.geo.json","/resource_packs/rp/models/blocks/plush/tekkit.geo.json",
JSONTAGS,102,"Info","","Block file","/resource_packs/rp/models/blocks/plush/wendigo.geo.json","/resource_packs/rp/models/blocks/plush/wendigo.geo.json",
JSONTAGS,102,"Info","","Block file","/resource_packs/rp/models/blocks/plush/yharim.geo.json","/resource_packs/rp/models/blocks/plush/yharim.geo.json",
JSONTAGS,102,"Info","","Block file","/resource_packs/rp/models/blocks/plush/zetos.geo.json","/resource_packs/rp/models/blocks/plush/zetos.geo.json",
JSONTAGS,102,"Info","","Block file","/resource_packs/rp/models/blocks/tbs_cross.geo.json","/resource_packs/rp/models/blocks/tbs_cross.geo.json",
JSONTAGS,102,"Info","","Block file","/resource_packs/rp/models/blocks/tbs_new_vein.geo.json","/resource_packs/rp/models/blocks/tbs_new_vein.geo.json",
JSONTAGS,102,"Info","","Block file","/resource_packs/rp/models/blocks/tbs_slab.geo.json","/resource_packs/rp/models/blocks/tbs_slab.geo.json",
JSONTAGS,102,"Info","","Block file","/resource_packs/rp/models/blocks/tbs_stairs.geo.json","/resource_packs/rp/models/blocks/tbs_stairs.geo.json",
JSONTAGS,102,"Info","","Block file","/resource_packs/rp/models/blocks/tbs_void_bud.geo.json","/resource_packs/rp/models/blocks/tbs_void_bud.geo.json",
JSONTAGS,102,"Info","","Block file","/resource_packs/rp/models/blocks/tbs_void_flow_1.geo.json","/resource_packs/rp/models/blocks/tbs_void_flow_1.geo.json",
JSONTAGS,102,"Info","","Block file","/resource_packs/rp/models/blocks/tbs_void_flow_2.geo.json","/resource_packs/rp/models/blocks/tbs_void_flow_2.geo.json",
JSONTAGS,102,"Info","","Block file","/resource_packs/rp/models/blocks/tbs_void_flow_3.geo.json","/resource_packs/rp/models/blocks/tbs_void_flow_3.geo.json",
JSONTAGS,102,"Info","","Block file","/resource_packs/rp/models/blocks/tbs_void_flow_4.geo.json","/resource_packs/rp/models/blocks/tbs_void_flow_4.geo.json",
JSONTAGS,102,"Info","","Block file","/resource_packs/rp/models/blocks/tbs_void_flow_5.geo.json","/resource_packs/rp/models/blocks/tbs_void_flow_5.geo.json",
JSONTAGS,102,"Info","","Block file","/resource_packs/rp/models/blocks/tbs_void_flow_6.geo.json","/resource_packs/rp/models/blocks/tbs_void_flow_6.geo.json",
JSONTAGS,102,"Info","","Block file","/resource_packs/rp/models/blocks/tbs_void_flow_7.geo.json","/resource_packs/rp/models/blocks/tbs_void_flow_7.geo.json",
JSONTAGS,102,"Info","","Block file","/resource_packs/rp/models/blocks/tbs_wall.geo.json","/resource_packs/rp/models/blocks/tbs_wall.geo.json",
JSONTAGS,103,"Info","","Item file","/behavior_packs/bp/items/attribute_mutilation.json","/behavior_packs/bp/items/attribute_mutilation.json",components minecraftIcon,1,components minecraftDisplayName,1,components minecraftMaxStackSize,1,components minecraftRarity,1,components minecraftRecord,1,
JSONTAGS,103,"Info","","Item file","/behavior_packs/bp/items/bennie_cod.json","/behavior_packs/bp/items/bennie_cod.json",components minecraftIcon,1,components minecraftDisplayName,1,components minecraftFood,1,components minecraftUseAnimation,1,components minecraftUseModifiers,1,
JSONTAGS,103,"Info","","Item file","/behavior_packs/bp/items/bennie_plush.json","/behavior_packs/bp/items/bennie_plush.json",components minecraftIcon,1,components minecraftDisplayName,1,components minecraftMaxStackSize,1,components minecraftWearable,1,
JSONTAGS,103,"Info","","Item file","/behavior_packs/bp/items/berry_plush.json","/behavior_packs/bp/items/berry_plush.json",components minecraftIcon,1,components minecraftDisplayName,1,components minecraftMaxStackSize,1,components minecraftWearable,1,
JSONTAGS,103,"Info","","Item file","/behavior_packs/bp/items/book.json","/behavior_packs/bp/items/book.json",components minecraftIcon,1,components minecraftDisplayName,1,components minecraftMaxStackSize,1,components minecraftInteractButton,1,components minecraftUseModifiers,1,
JSONTAGS,103,"Info","","Item file","/behavior_packs/bp/items/circuit_bread.json","/behavior_packs/bp/items/circuit_bread.json",components minecraftIcon,1,components minecraftDisplayName,1,components minecraftFood,1,components minecraftUseAnimation,1,components minecraftUseModifiers,1,
JSONTAGS,103,"Info","","Item file","/behavior_packs/bp/items/circuit_cave_painting.json","/behavior_packs/bp/items/circuit_cave_painting.json",components minecraftIcon,1,components minecraftDisplayName,1,components minecraftMaxStackSize,1,components minecraftInteractButton,1,components minecraftUseModifiers,1,
JSONTAGS,103,"Info","","Item file","/behavior_packs/bp/items/corrupt_ebridger_cod.json","/behavior_packs/bp/items/corrupt_ebridger_cod.json",components minecraftIcon,1,components minecraftDisplayName,1,components minecraftFood,1,components minecraftUseAnimation,1,components minecraftUseModifiers,1,
JSONTAGS,103,"Info","","Item file","/behavior_packs/bp/items/credits.json","/behavior_packs/bp/items/credits.json",components minecraftIcon,1,components minecraftDisplayName,1,components minecraftMaxStackSize,1,components minecraftRarity,1,components minecraftRecord,1,
JSONTAGS,103,"Info","","Item file","/behavior_packs/bp/items/desyncer.json","/behavior_packs/bp/items/desyncer.json",components minecraftIcon,1,components minecraftDisplayName,1,components minecraftMaxStackSize,1,components minecraftInteractButton,1,components minecraftUseModifiers,1,
JSONTAGS,103,"Info","","Item file","/behavior_packs/bp/items/dominik_cod.json","/behavior_packs/bp/items/dominik_cod.json",components minecraftIcon,1,components minecraftDisplayName,1,components minecraftFood,1,components minecraftUseAnimation,1,components minecraftUseModifiers,1,
JSONTAGS,103,"Info","","Item file","/behavior_packs/bp/items/dominik_plush.json","/behavior_packs/bp/items/dominik_plush.json",components minecraftIcon,1,components minecraftDisplayName,1,components minecraftMaxStackSize,1,components minecraftWearable,1,
JSONTAGS,103,"Info","","Item file","/behavior_packs/bp/items/ebridger_cod.json","/behavior_packs/bp/items/ebridger_cod.json",components minecraftIcon,1,components minecraftDisplayName,1,components minecraftFood,1,components minecraftUseAnimation,1,components minecraftUseModifiers,1,
JSONTAGS,103,"Info","","Item file","/behavior_packs/bp/items/ebridger_plush.json","/behavior_packs/bp/items/ebridger_plush.json",components minecraftIcon,1,components minecraftDisplayName,1,components minecraftMaxStackSize,1,components minecraftWearable,1,
JSONTAGS,103,"Info","","Item file","/behavior_packs/bp/items/elderly_plush.json","/behavior_packs/bp/items/elderly_plush.json",components minecraftIcon,1,components minecraftDisplayName,1,components minecraftMaxStackSize,1,components minecraftWearable,1,
JSONTAGS,103,"Info","","Item file","/behavior_packs/bp/items/eldritch_cod.json","/behavior_packs/bp/items/eldritch_cod.json",components minecraftIcon,1,components minecraftDisplayName,1,components minecraftFood,1,components minecraftUseAnimation,1,components minecraftUseModifiers,1,
JSONTAGS,103,"Info","","Item file","/behavior_packs/bp/items/eldritch_plush.json","/behavior_packs/bp/items/eldritch_plush.json",components minecraftIcon,1,components minecraftDisplayName,1,components minecraftMaxStackSize,1,components minecraftWearable,1,
JSONTAGS,103,"Info","","Item file","/behavior_packs/bp/items/evil_codstone_cod.json","/behavior_packs/bp/items/evil_codstone_cod.json",components minecraftIcon,1,components minecraftDisplayName,1,components minecraftFood,1,components minecraftUseAnimation,1,components minecraftUseModifiers,1,
JSONTAGS,103,"Info","","Item file","/behavior_packs/bp/items/eyae_cod.json","/behavior_packs/bp/items/eyae_cod.json",components minecraftIcon,1,components minecraftDisplayName,1,components minecraftFood,1,components minecraftUseAnimation,1,components minecraftUseModifiers,1,
JSONTAGS,103,"Info","","Item file","/behavior_packs/bp/items/eyae_plush.json","/behavior_packs/bp/items/eyae_plush.json",components minecraftIcon,1,components minecraftDisplayName,1,components minecraftMaxStackSize,1,components minecraftWearable,1,
JSONTAGS,103,"Info","","Item file","/behavior_packs/bp/items/faraway_salmon.json","/behavior_packs/bp/items/faraway_salmon.json",components minecraftIcon,1,components minecraftDisplayName,1,components minecraftFood,1,components minecraftUseAnimation,1,components minecraftUseModifiers,1,
JSONTAGS,103,"Info","","Item file","/behavior_packs/bp/items/garreth_cod.json","/behavior_packs/bp/items/garreth_cod.json",components minecraftIcon,1,components minecraftDisplayName,1,components minecraftFood,1,components minecraftUseAnimation,1,components minecraftUseModifiers,1,
JSONTAGS,103,"Info","","Item file","/behavior_packs/bp/items/garreth_plush.json","/behavior_packs/bp/items/garreth_plush.json",components minecraftIcon,1,components minecraftDisplayName,1,components minecraftMaxStackSize,1,components minecraftWearable,1,
JSONTAGS,103,"Info","","Item file","/behavior_packs/bp/items/glaggle.json","/behavior_packs/bp/items/glaggle.json",components minecraftIcon,1,components minecraftDisplayName,1,components minecraftMaxStackSize,1,
JSONTAGS,103,"Info","","Item file","/behavior_packs/bp/items/gore.json","/behavior_packs/bp/items/gore.json",components minecraftIcon,1,components minecraftDisplayName,1,components minecraftMaxStackSize,1,components minecraftRarity,1,components minecraftInteractButton,1,components minecraftUseModifiers,1,
JSONTAGS,103,"Info","","Item file","/behavior_packs/bp/items/hand_cannon.json","/behavior_packs/bp/items/hand_cannon.json",components minecraftIcon,1,components minecraftDisplayName,1,components minecraftMaxStackSize,1,components minecraftInteractButton,1,components minecraftUseModifiers,1,
JSONTAGS,103,"Info","","Item file","/behavior_packs/bp/items/hermit_plush.json","/behavior_packs/bp/items/hermit_plush.json",components minecraftIcon,1,components minecraftDisplayName,1,components minecraftMaxStackSize,1,components minecraftWearable,1,
JSONTAGS,103,"Info","","Item file","/behavior_packs/bp/items/instability.json","/behavior_packs/bp/items/instability.json",components minecraftIcon,1,components minecraftDisplayName,1,components minecraftMaxStackSize,1,components minecraftRarity,1,components minecraftRecord,1,
JSONTAGS,103,"Info","","Item file","/behavior_packs/bp/items/instability_music_box.json","/behavior_packs/bp/items/instability_music_box.json",components minecraftIcon,1,components minecraftDisplayName,1,components minecraftMaxStackSize,1,components minecraftRarity,1,components minecraftRecord,1,
JSONTAGS,103,"Info","","Item file","/behavior_packs/bp/items/instabilityv2.json","/behavior_packs/bp/items/instabilityv2.json",components minecraftIcon,1,components minecraftDisplayName,1,components minecraftMaxStackSize,1,components minecraftRarity,1,components minecraftRecord,1,
JSONTAGS,103,"Info","","Item file","/behavior_packs/bp/items/instabilityv3.json","/behavior_packs/bp/items/instabilityv3.json",components minecraftIcon,1,components minecraftDisplayName,1,components minecraftMaxStackSize,1,components minecraftRarity,1,components minecraftRecord,1,
JSONTAGS,103,"Info","","Item file","/behavior_packs/bp/items/integrity_fireball.json","/behavior_packs/bp/items/integrity_fireball.json",components minecraftIcon,1,components minecraftDisplayName,1,components minecraftMaxStackSize,1,
JSONTAGS,103,"Info","","Item file","/behavior_packs/bp/items/jd_cod.json","/behavior_packs/bp/items/jd_cod.json",components minecraftIcon,1,components minecraftDisplayName,1,components minecraftFood,1,components minecraftUseAnimation,1,components minecraftUseModifiers,1,
JSONTAGS,103,"Info","","Item file","/behavior_packs/bp/items/jd_plush.json","/behavior_packs/bp/items/jd_plush.json",components minecraftIcon,1,components minecraftDisplayName,1,components minecraftMaxStackSize,1,components minecraftWearable,1,
JSONTAGS,103,"Info","","Item file","/behavior_packs/bp/items/lilly.json","/behavior_packs/bp/items/lilly.json",components minecraftIcon,1,components minecraftDisplayName,1,components minecraftMaxStackSize,1,components minecraftRarity,1,components minecraftRecord,1,
JSONTAGS,103,"Info","","Item file","/behavior_packs/bp/items/lilly_v2.json","/behavior_packs/bp/items/lilly_v2.json",components minecraftIcon,1,components minecraftDisplayName,1,components minecraftMaxStackSize,1,components minecraftRarity,1,components minecraftRecord,1,
JSONTAGS,103,"Info","","Item file","/behavior_packs/bp/items/lost_need_cod.json","/behavior_packs/bp/items/lost_need_cod.json",components minecraftIcon,1,components minecraftDisplayName,1,components minecraftFood,1,components minecraftUseAnimation,1,components minecraftUseModifiers,1,
JSONTAGS,103,"Info","","Item file","/behavior_packs/bp/items/lost_plush.json","/behavior_packs/bp/items/lost_plush.json",components minecraftIcon,1,components minecraftDisplayName,1,components minecraftMaxStackSize,1,components minecraftWearable,1,
JSONTAGS,103,"Info","","Item file","/behavior_packs/bp/items/lovemist_plush.json","/behavior_packs/bp/items/lovemist_plush.json",components minecraftIcon,1,components minecraftDisplayName,1,components minecraftMaxStackSize,1,components minecraftWearable,1,
JSONTAGS,103,"Info","","Item file","/behavior_packs/bp/items/mc_plush.json","/behavior_packs/bp/items/mc_plush.json",components minecraftIcon,1,components minecraftDisplayName,1,components minecraftMaxStackSize,1,components minecraftWearable,1,
JSONTAGS,103,"Info","","Item file","/behavior_packs/bp/items/moji_plush.json","/behavior_packs/bp/items/moji_plush.json",components minecraftIcon,1,components minecraftDisplayName,1,components minecraftMaxStackSize,1,components minecraftWearable,1,
JSONTAGS,103,"Info","","Item file","/behavior_packs/bp/items/n.json","/behavior_packs/bp/items/n.json",components minecraftIcon,1,components minecraftDisplayName,1,components minecraftMaxStackSize,1,components minecraftRarity,1,components minecraftInteractButton,1,components minecraftUseModifiers,1,
JSONTAGS,103,"Info","","Item file","/behavior_packs/bp/items/nahbro_plush.json","/behavior_packs/bp/items/nahbro_plush.json",components minecraftIcon,1,components minecraftDisplayName,1,components minecraftMaxStackSize,1,components minecraftWearable,1,
JSONTAGS,103,"Info","","Item file","/behavior_packs/bp/items/null.json","/behavior_packs/bp/items/null.json",components minecraftIcon,1,components minecraftDisplayName,1,
JSONTAGS,103,"Info","","Item file","/behavior_packs/bp/items/null_bread.json","/behavior_packs/bp/items/null_bread.json",components minecraftIcon,1,components minecraftDisplayName,1,components minecraftFood,1,components minecraftUseAnimation,1,components minecraftUseModifiers,1,
JSONTAGS,103,"Info","","Item file","/behavior_packs/bp/items/null_cod.json","/behavior_packs/bp/items/null_cod.json",components minecraftIcon,1,components minecraftDisplayName,1,components minecraftFood,1,components minecraftUseAnimation,1,components minecraftUseModifiers,1,
JSONTAGS,103,"Info","","Item file","/behavior_packs/bp/items/pencil_cod.json","/behavior_packs/bp/items/pencil_cod.json",components minecraftIcon,1,components minecraftDisplayName,1,components minecraftFood,1,components minecraftUseAnimation,1,components minecraftUseModifiers,1,
JSONTAGS,103,"Info","","Item file","/behavior_packs/bp/items/piece_1.json","/behavior_packs/bp/items/piece_1.json",components minecraftIcon,1,components minecraftDisplayName,1,components minecraftMaxStackSize,1,components minecraftRarity,1,components minecraftFireResistant,1,
JSONTAGS,103,"Info","","Item file","/behavior_packs/bp/items/piece_2.json","/behavior_packs/bp/items/piece_2.json",components minecraftIcon,1,components minecraftDisplayName,1,components minecraftMaxStackSize,1,components minecraftRarity,1,components minecraftFireResistant,1,
JSONTAGS,103,"Info","","Item file","/behavior_packs/bp/items/piece_3.json","/behavior_packs/bp/items/piece_3.json",components minecraftIcon,1,components minecraftDisplayName,1,components minecraftMaxStackSize,1,components minecraftRarity,1,components minecraftFireResistant,1,
JSONTAGS,103,"Info","","Item file","/behavior_packs/bp/items/piece_4.json","/behavior_packs/bp/items/piece_4.json",components minecraftIcon,1,components minecraftDisplayName,1,components minecraftMaxStackSize,1,components minecraftRarity,1,components minecraftFireResistant,1,
JSONTAGS,103,"Info","","Item file","/behavior_packs/bp/items/piece_5.json","/behavior_packs/bp/items/piece_5.json",components minecraftIcon,1,components minecraftDisplayName,1,components minecraftMaxStackSize,1,components minecraftRarity,1,components minecraftFireResistant,1,
JSONTAGS,103,"Info","","Item file","/behavior_packs/bp/items/polaroid.json","/behavior_packs/bp/items/polaroid.json",components minecraftIcon,1,components minecraftDisplayName,1,components minecraftMaxStackSize,1,components minecraftInteractButton,1,components minecraftUseModifiers,1,components minecraftRarity,1,components minecraftFireResistant,1,
JSONTAGS,103,"Info","","Item file","/behavior_packs/bp/items/polaroid_frame.json","/behavior_packs/bp/items/polaroid_frame.json",components minecraftIcon,1,components minecraftDisplayName,1,components minecraftMaxStackSize,1,components minecraftInteractButton,1,components minecraftUseModifiers,1,components minecraftRarity,1,
JSONTAGS,103,"Info","","Item file","/behavior_packs/bp/items/portal_linker.json","/behavior_packs/bp/items/portal_linker.json",components minecraftIcon,1,components minecraftDisplayName,1,components minecraftMaxStackSize,1,components minecraftInteractButton,1,components minecraftUseModifiers,1,
JSONTAGS,103,"Info","","Item file","/behavior_packs/bp/items/pyrit_plush.json","/behavior_packs/bp/items/pyrit_plush.json",components minecraftIcon,1,components minecraftDisplayName,1,components minecraftMaxStackSize,1,components minecraftWearable,1,
JSONTAGS,103,"Info","","Item file","/behavior_packs/bp/items/raevant_plush.json","/behavior_packs/bp/items/raevant_plush.json",components minecraftIcon,1,components minecraftDisplayName,1,components minecraftMaxStackSize,1,components minecraftWearable,1,
JSONTAGS,103,"Info","","Item file","/behavior_packs/bp/items/rdh_plush.json","/behavior_packs/bp/items/rdh_plush.json",components minecraftIcon,1,components minecraftDisplayName,1,components minecraftMaxStackSize,1,components minecraftWearable,1,
JSONTAGS,103,"Info","","Item file","/behavior_packs/bp/items/record_14.json","/behavior_packs/bp/items/record_14.json",components minecraftIcon,1,components minecraftDisplayName,1,components minecraftMaxStackSize,1,components minecraftRarity,1,components minecraftRecord,1,
JSONTAGS,103,"Info","","Item file","/behavior_packs/bp/items/record_15.json","/behavior_packs/bp/items/record_15.json",components minecraftIcon,1,components minecraftDisplayName,1,components minecraftMaxStackSize,1,components minecraftRarity,1,components minecraftRecord,1,
JSONTAGS,103,"Info","","Item file","/behavior_packs/bp/items/record_16.json","/behavior_packs/bp/items/record_16.json",components minecraftIcon,1,components minecraftDisplayName,1,components minecraftMaxStackSize,1,components minecraftRarity,1,components minecraftRecord,1,
JSONTAGS,103,"Info","","Item file","/behavior_packs/bp/items/record_17.json","/behavior_packs/bp/items/record_17.json",components minecraftIcon,1,components minecraftDisplayName,1,components minecraftMaxStackSize,1,components minecraftRarity,1,components minecraftRecord,1,
JSONTAGS,103,"Info","","Item file","/behavior_packs/bp/items/redstone_cod.json","/behavior_packs/bp/items/redstone_cod.json",components minecraftIcon,1,components minecraftDisplayName,1,components minecraftFood,1,components minecraftUseAnimation,1,components minecraftUseModifiers,1,
JSONTAGS,103,"Info","","Item file","/behavior_packs/bp/items/redstone_plush.json","/behavior_packs/bp/items/redstone_plush.json",components minecraftIcon,1,components minecraftDisplayName,1,components minecraftMaxStackSize,1,components minecraftWearable,1,
JSONTAGS,103,"Info","","Item file","/behavior_packs/bp/items/revuxorfish.json","/behavior_packs/bp/items/revuxorfish.json",components minecraftIcon,1,components minecraftDisplayName,1,components minecraftFood,1,components minecraftUseAnimation,1,components minecraftUseModifiers,1,
JSONTAGS,103,"Info","","Item file","/behavior_packs/bp/items/shadow_plush.json","/behavior_packs/bp/items/shadow_plush.json",components minecraftIcon,1,components minecraftDisplayName,1,components minecraftMaxStackSize,1,components minecraftWearable,1,
JSONTAGS,103,"Info","","Item file","/behavior_packs/bp/items/shadowmaster_cod.json","/behavior_packs/bp/items/shadowmaster_cod.json",components minecraftIcon,1,components minecraftDisplayName,1,components minecraftFood,1,components minecraftUseAnimation,1,components minecraftUseModifiers,1,
JSONTAGS,103,"Info","","Item file","/behavior_packs/bp/items/skie_plush.json","/behavior_packs/bp/items/skie_plush.json",components minecraftIcon,1,components minecraftDisplayName,1,components minecraftMaxStackSize,1,components minecraftWearable,1,
JSONTAGS,103,"Info","","Item file","/behavior_packs/bp/items/stevelocks_plush.json","/behavior_packs/bp/items/stevelocks_plush.json",components minecraftIcon,1,components minecraftDisplayName,1,components minecraftMaxStackSize,1,components minecraftWearable,1,
JSONTAGS,103,"Info","","Item file","/behavior_packs/bp/items/tekkit_cod.json","/behavior_packs/bp/items/tekkit_cod.json",components minecraftIcon,1,components minecraftDisplayName,1,components minecraftFood,1,components minecraftUseAnimation,1,components minecraftUseModifiers,1,
JSONTAGS,103,"Info","","Item file","/behavior_packs/bp/items/tekkit_plush.json","/behavior_packs/bp/items/tekkit_plush.json",components minecraftIcon,1,components minecraftDisplayName,1,components minecraftMaxStackSize,1,components minecraftWearable,1,
JSONTAGS,103,"Info","","Item file","/behavior_packs/bp/items/torn_paper.json","/behavior_packs/bp/items/torn_paper.json",components minecraftIcon,1,components minecraftDisplayName,1,components minecraftMaxStackSize,1,components minecraftRarity,1,components minecraftFireResistant,1,components minecraftInteractButton,1,components minecraftUseModifiers,1,
JSONTAGS,103,"Info","","Item file","/behavior_packs/bp/items/v1_cod.json","/behavior_packs/bp/items/v1_cod.json",components minecraftIcon,1,components minecraftDisplayName,1,components minecraftFood,1,components minecraftUseAnimation,1,components minecraftUseModifiers,1,
JSONTAGS,103,"Info","","Item file","/behavior_packs/bp/items/v2_cod.json","/behavior_packs/bp/items/v2_cod.json",components minecraftIcon,1,components minecraftDisplayName,1,components minecraftFood,1,components minecraftUseAnimation,1,components minecraftUseModifiers,1,
JSONTAGS,103,"Info","","Item file","/behavior_packs/bp/items/void_liquid_bucket.json","/behavior_packs/bp/items/void_liquid_bucket.json",components minecraftIcon,1,components minecraftDisplayName,1,components minecraftMaxStackSize,1,
JSONTAGS,103,"Info","","Item file","/behavior_packs/bp/items/wendigo_plush.json","/behavior_packs/bp/items/wendigo_plush.json",components minecraftIcon,1,components minecraftDisplayName,1,components minecraftMaxStackSize,1,components minecraftWearable,1,
JSONTAGS,103,"Info","","Item file","/behavior_packs/bp/items/yharim_plush.json","/behavior_packs/bp/items/yharim_plush.json",components minecraftIcon,1,components minecraftDisplayName,1,components minecraftMaxStackSize,1,components minecraftWearable,1,
JSONTAGS,103,"Info","","Item file","/behavior_packs/bp/items/zetos_cod.json","/behavior_packs/bp/items/zetos_cod.json",components minecraftIcon,1,components minecraftDisplayName,1,components minecraftFood,1,components minecraftUseAnimation,1,components minecraftUseModifiers,1,
JSONTAGS,103,"Info","","Item file","/behavior_packs/bp/items/zetos_plush.json","/behavior_packs/bp/items/zetos_plush.json",components minecraftIcon,1,components minecraftDisplayName,1,components minecraftMaxStackSize,1,components minecraftWearable,1,
JSONTAGS,104,"Info","","Terrrain texture file","/resource_packs/rp/textures/terrain_texture.json","/resource_packs/rp/textures/terrain_texture.json",
JSONTAGS,105,"Info","","Item texture file","/resource_packs/rp/textures/item_texture.json","/resource_packs/rp/textures/item_texture.json",
JSONTAGS,106,"Info","","Sound definitions file","/resource_packs/rp/sounds/sound_definitions.json","/resource_packs/rp/sounds/sound_definitions.json",
JSONTAGS,108,"Info","","Sounds file","/resource_packs/rp/sounds.json","/resource_packs/rp/sounds.json",individualSounds events,1,
JSONTAGS,109,"Info","","Biome behavior file","/behavior_packs/bp/biomes/concrete.json","/behavior_packs/bp/biomes/concrete.json",biomeComponents minecraftClimate,1,
JSONTAGS,109,"Info","","Biome behavior file","/behavior_packs/bp/biomes/day_a.json","/behavior_packs/bp/biomes/day_a.json",biomeComponents minecraftClimate,1,
JSONTAGS,109,"Info","","Biome behavior file","/behavior_packs/bp/biomes/dysaphytic_wen.json","/behavior_packs/bp/biomes/dysaphytic_wen.json",biomeComponents minecraftClimate,1,
JSONTAGS,109,"Info","","Biome behavior file","/behavior_packs/bp/biomes/library.json","/behavior_packs/bp/biomes/library.json",biomeComponents minecraftClimate,1,
JSONTAGS,109,"Info","","Biome behavior file","/behavior_packs/bp/biomes/limbo.json","/behavior_packs/bp/biomes/limbo.json",biomeComponents minecraftClimate,1,
JSONTAGS,109,"Info","","Biome behavior file","/behavior_packs/bp/biomes/lucid.json","/behavior_packs/bp/biomes/lucid.json",biomeComponents minecraftClimate,1,
JSONTAGS,109,"Info","","Biome behavior file","/behavior_packs/bp/biomes/moon.json","/behavior_packs/bp/biomes/moon.json",biomeComponents minecraftClimate,1,
JSONTAGS,109,"Info","","Biome behavior file","/behavior_packs/bp/biomes/nothing.json","/behavior_packs/bp/biomes/nothing.json",biomeComponents minecraftClimate,1,
JSONTAGS,109,"Info","","Biome behavior file","/behavior_packs/bp/biomes/nowhere.json","/behavior_packs/bp/biomes/nowhere.json",biomeComponents minecraftClimate,1,
JSONTAGS,109,"Info","","Biome behavior file","/behavior_packs/bp/biomes/null_biome.json","/behavior_packs/bp/biomes/null_biome.json",biomeComponents minecraftClimate,1,
JSONTAGS,109,"Info","","Biome behavior file","/behavior_packs/bp/biomes/protected_void.json","/behavior_packs/bp/biomes/protected_void.json",biomeComponents minecraftClimate,1,
JSONTAGS,109,"Info","","Biome behavior file","/behavior_packs/bp/biomes/stage2.json","/behavior_packs/bp/biomes/stage2.json",biomeComponents minecraftClimate,1,
JSONTAGS,109,"Info","","Biome behavior file","/behavior_packs/bp/biomes/stage3.json","/behavior_packs/bp/biomes/stage3.json",biomeComponents minecraftClimate,1,
JSONTAGS,109,"Info","","Biome behavior file","/behavior_packs/bp/biomes/stereogenic_growth.json","/behavior_packs/bp/biomes/stereogenic_growth.json",biomeComponents minecraftClimate,1,
JSONTAGS,109,"Info","","Biome behavior file","/behavior_packs/bp/biomes/void.json","/behavior_packs/bp/biomes/void.json",biomeComponents minecraftClimate,1,
JSONTAGS,111,"Info","","Particle file","/resource_packs/rp/particles/eyes.particle.json","/resource_packs/rp/particles/eyes.particle.json",particleEmitterComponents minecraftEmitterLifetimeOnce,1,particleEmitterComponents minecraftEmitterRateInstant,1,particleEmitterComponents minecraftEmitterShapeBox,1,particleComponents minecraftParticleLifetimeExpression,1,particleComponents minecraftParticleInitialSpeed,1,particleComponents minecraftParticleAppearanceBillboard,1,
JSONTAGS,111,"Info","","Particle file","/resource_packs/rp/particles/fardaway.particle.json","/resource_packs/rp/particles/fardaway.particle.json",particleEmitterComponents minecraftEmitterLifetimeOnce,1,particleEmitterComponents minecraftEmitterRateInstant,1,particleEmitterComponents minecraftEmitterShapeBox,1,particleComponents minecraftParticleLifetimeExpression,1,particleComponents minecraftParticleInitialSpeed,1,particleComponents minecraftParticleAppearanceBillboard,1,
JSONTAGS,111,"Info","","Particle file","/resource_packs/rp/particles/follows_particle.particle.json","/resource_packs/rp/particles/follows_particle.particle.json",particleEmitterComponents minecraftEmitterLifetimeOnce,1,particleEmitterComponents minecraftEmitterRateInstant,1,particleEmitterComponents minecraftEmitterShapePoint,1,particleComponents minecraftParticleLifetimeExpression,1,particleComponents minecraftParticleInitialSpeed,1,particleComponents minecraftParticleAppearanceBillboard,1,
JSONTAGS,111,"Info","","Particle file","/resource_packs/rp/particles/jimmy_contact_burst.particle.json","/resource_packs/rp/particles/jimmy_contact_burst.particle.json",particleEmitterComponents minecraftEmitterLifetimeOnce,1,particleEmitterComponents minecraftEmitterRateInstant,1,particleEmitterComponents minecraftEmitterShapePoint,1,particleComponents minecraftParticleInitialSpeed,1,particleComponents minecraftParticleLifetimeExpression,1,particleComponents minecraftParticleAppearanceBillboard,1,particleComponents minecraftParticleAppearanceLighting,1,particleComponents minecraftParticleMotionDynamic,1,
JSONTAGS,111,"Info","","Particle file","/resource_packs/rp/particles/moon_stone_block_burst.particle.json","/resource_packs/rp/particles/moon_stone_block_burst.particle.json",particleEmitterComponents minecraftEmitterLifetimeOnce,1,particleEmitterComponents minecraftEmitterRateInstant,1,particleEmitterComponents minecraftEmitterShapePoint,1,particleComponents minecraftParticleInitialSpeed,1,particleComponents minecraftParticleLifetimeExpression,1,particleComponents minecraftParticleAppearanceBillboard,1,particleComponents minecraftParticleAppearanceLighting,1,particleComponents minecraftParticleMotionDynamic,1,
JSONTAGS,111,"Info","","Particle file","/resource_packs/rp/particles/null_particle.particle.json","/resource_packs/rp/particles/null_particle.particle.json",particleEmitterComponents minecraftEmitterLifetimeOnce,1,particleEmitterComponents minecraftEmitterRateInstant,1,particleEmitterComponents minecraftEmitterShapeBox,1,particleComponents minecraftParticleLifetimeExpression,1,particleComponents minecraftParticleInitialSpeed,1,particleComponents minecraftParticleAppearanceBillboard,1,
JSONTAGS,111,"Info","","Particle file","/resource_packs/rp/particles/null_structure_particle.particle.json","/resource_packs/rp/particles/null_structure_particle.particle.json",particleEmitterComponents minecraftEmitterLifetimeOnce,1,particleEmitterComponents minecraftEmitterRateInstant,1,particleEmitterComponents minecraftEmitterShapePoint,1,particleComponents minecraftParticleLifetimeExpression,1,particleComponents minecraftParticleInitialSpeed,1,particleComponents minecraftParticleAppearanceBillboard,1,particleComponents minecraftParticleAppearanceLighting,1,
JSONTAGS,111,"Info","","Particle file","/resource_packs/rp/particles/paper_particle.particle.json","/resource_packs/rp/particles/paper_particle.particle.json",particleEmitterComponents minecraftEmitterLifetimeOnce,1,particleEmitterComponents minecraftEmitterRateInstant,1,particleEmitterComponents minecraftEmitterShapePoint,1,particleComponents minecraftParticleInitialSpeed,1,particleComponents minecraftParticleLifetimeExpression,1,particleComponents minecraftParticleAppearanceBillboard,1,particleComponents minecraftParticleAppearanceLighting,1,particleComponents minecraftParticleMotionDynamic,1,
JSONTAGS,111,"Info","","Particle file","/resource_packs/rp/particles/particle_of_curved.particle.json","/resource_packs/rp/particles/particle_of_curved.particle.json",particleEmitterComponents minecraftEmitterLifetimeOnce,1,particleEmitterComponents minecraftEmitterRateInstant,1,particleEmitterComponents minecraftEmitterShapeBox,1,particleComponents minecraftParticleLifetimeExpression,1,particleComponents minecraftParticleInitialSpeed,1,particleComponents minecraftParticleAppearanceBillboard,1,
JSONTAGS,111,"Info","","Particle file","/resource_packs/rp/particles/revuxor_particle.particle.json","/resource_packs/rp/particles/revuxor_particle.particle.json",particleEmitterComponents minecraftEmitterLifetimeOnce,1,particleEmitterComponents minecraftEmitterRateInstant,1,particleEmitterComponents minecraftEmitterShapePoint,1,particleComponents minecraftParticleLifetimeExpression,1,particleComponents minecraftParticleInitialSpeed,1,particleComponents minecraftParticleAppearanceBillboard,1,
JSONTAGS,111,"Info","","Particle file","/resource_packs/rp/particles/wretched_particle.particle.json","/resource_packs/rp/particles/wretched_particle.particle.json",particleEmitterComponents minecraftEmitterLifetimeOnce,1,particleEmitterComponents minecraftEmitterRateInstant,1,particleEmitterComponents minecraftEmitterShapeBox,1,particleComponents minecraftParticleLifetimeExpression,1,particleComponents minecraftParticleInitialSpeed,1,particleComponents minecraftParticleAppearanceBillboard,1,
LINESIZE,1,"Test success","","File Line/Size Information completed successfully",,"",
MCFUNCTION,2,"Unknown","","No applicable items found for test MC Function Validation (MCFUNCTION)",,"",
MINENGINEVER,1,"Test success","","Min Engine Version completed successfully",,"",
MINENGINEVER,605,"Info","","Behavior pack manifest min_engine_version",1,26,50,"/behavior_packs/bp/manifest.json",
MINENGINEVER,614,"Info","","Resource pack manifest format_version",1,26,50,"/resource_packs/rp/manifest.json",
NOBOM,1,"Test success","","No Byte Order Mark allowed in json file. completed successfully",,"",
PACK,1,"Test success","","General info completed successfully",,"",
PACK,18,"Info","","Subpacks",4,"/resource_packs/rp/manifest.json",
PACK,41,"Info","","Subpack Memory Tier 1","Clean Tape","/resource_packs/rp/manifest.json",
PACK,41,"Info","","Subpack Memory Tier 1","Damaged LP","/resource_packs/rp/manifest.json",
PACK,41,"Info","","Subpack Memory Tier 1","Severe Tracking","/resource_packs/rp/manifest.json",
PACK,41,"Info","","Subpack Memory Tier 1","Worn SP","/resource_packs/rp/manifest.json",
PACK,104,"Info","","Behavior Pack Name","The Broken Script 2.0 - (pack.name)","/behavior_packs/bp/manifest.json",
PACK,105,"Info","","Behavior Pack Description","A Bedrock adaptation of The Broken Script horror experience. - (pack.description)","/behavior_packs/bp/manifest.json",
PACK,106,"Info","","Behavior Pack Id","a7728576-fbb9-44e9-8bf0-a5342d135e18|2.0.0","/behavior_packs/bp/manifest.json",
PACK,107,"Info","","Behavior Pack Min Engine Version",2,"/behavior_packs/bp/manifest.json",
PACK,107,"Info","","Behavior Pack Min Engine Version",1,26,50,"/behavior_packs/bp/manifest.json",
PACK,108,"Info","","Behavior Pack Uuid","a7728576-fbb9-44e9-8bf0-a5342d135e18","/behavior_packs/bp/manifest.json",
PACK,109,"Info","","Behavior Pack Manifest",,"/behavior_packs/bp/manifest.json",
PACK,111,"Info","","Resource Pack Min Engine Version",1,26,50,"/resource_packs/rp/manifest.json",
PACK,112,"Info","","Resource Pack Uuid","82fc6a1e-7feb-42bc-8d01-5a58f76a0f70","/resource_packs/rp/manifest.json",
PACK,113,"Info","","Resource Pack Manifest",,"/resource_packs/rp/manifest.json",
PACK,114,"Info","","Resource Pack Name","The Broken Script 2.0 - (pack.name)","/resource_packs/rp/manifest.json",
PACK,115,"Info","","Resource Pack Description","A Bedrock adaptation of The Broken Script horror experience. - (pack.description)","/resource_packs/rp/manifest.json",
PACK,116,"Info","","Resource Pack Id","82fc6a1e-7feb-42bc-8d01-5a58f76a0f70|2.0.0","/resource_packs/rp/manifest.json",
PACK,117,"Info","","Resource Pack Format Version",2,"/resource_packs/rp/manifest.json",
PACKFILECOUNT,1,"Test success","","Pack File Count completed successfully",,"",
PACKMETADATA,1,"Test success","","General info completed successfully",,"",
PACKSIZE,1,"Test success","","Pack Size Information completed successfully",,"",
PATHLENGTH,1,"Test success","","Path Length completed successfully",,"",
PATHLENGTH,104,"Recommendation","","File path contains non-lowercase letters","/textures/ui/tbs/screens/very_serious/OygyluFufk.png","",
PRJINT,0,"Test fail","","Found 5 errors in Project Integrity check",,"",
PRJINT,101,"Error","","Project contains extraneous file or folder","/home/pasta/Downloads/TBS/Tberock20/.ci/mct/behavior_packs/bp/structures/thebrokenscript/shaft/shaft_corner.nbt","",
PRJINT,101,"Error","","Project contains extraneous file or folder","/home/pasta/Downloads/TBS/Tberock20/.ci/mct/behavior_packs/bp/structures/thebrokenscript/shaft/shaft_hall.nbt","",
PRJINT,101,"Error","","Project contains extraneous file or folder","/home/pasta/Downloads/TBS/Tberock20/.ci/mct/behavior_packs/bp/structures/thebrokenscript/shaft/shaft_junction.nbt","",
PRJINT,101,"Error","","Project contains extraneous file or folder","/home/pasta/Downloads/TBS/Tberock20/.ci/mct/behavior_packs/bp/structures/thebrokenscript/shaft/shaft_room.nbt","",
PRJINT,101,"Error","","Project contains extraneous file or folder","/home/pasta/Downloads/TBS/Tberock20/.ci/mct/behavior_packs/bp/structures/thebrokenscript/shaft/shaft_room_hall.nbt","",
RESOURCEANIMATION,1,"Test success","","Resource Animation completed successfully",,"",
RPDEPENDS,1,"Test success","","Resource Pack Dependencies completed successfully",,"",
SCRIPT,1,"Test success","","Script completed successfully",,"",
SCRIPTMODULE,0,"Test fail","","Found 1 error in Script Modules check",,"",
SCRIPTMODULE,100,"Info","","Behavior pack dependency on 2.1.0 at @minecraft/server-ui","2.1.0","/behavior_packs/bp/manifest.json",
SCRIPTMODULE,100,"Info","","Behavior pack dependency on 2.11.0-beta at @minecraft/server","2.11.0-beta","/behavior_packs/bp/manifest.json",
SCRIPTMODULE,114,"Error","","For @minecraft/server, using an out of date beta version 2.11.0-beta compared to the current version","2.11.0-beta","/behavior_packs/bp/manifest.json",
SNDSDEF,2,"Unknown","","No applicable items found for test Sound Definitions (SNDSDEF)",,"",
STRICT,1,"Test success","","Strict Platform completed successfully",,"",
SUMMARY,1,"Test success","","Summary Information completed successfully",,"",
TEXTURE,1,"Test success","","Texture Validation completed successfully",,"",
TEXTUREIMAGE,1,"Test success","","Texture Image Validation completed successfully",,"",
TEXTURELIST,2,"Unknown","","No applicable items found for test Texture List Validation (TEXTURELIST)",,"",
TEXTUREREF,1,"Test success","","Texture References completed successfully",,"",
TYPES,1,"Test success","","Types Info Aggregation completed successfully",,"",
UNKFILE,1,"Test success","","Unknown files completed successfully",,"",
UNKJSON,0,"Test fail","","Found 16 errors in Unknown JSON check",,"",
UNKJSON,101,"Error","","Unknown JSON file found",,"/behavior_packs/bp/worldgen/structures/shaft.json",
UNKJSON,101,"Error","","Unknown JSON file found",,"/resource_packs/rp/biomes_client/concrete.biome_client.json",
UNKJSON,101,"Error","","Unknown JSON file found",,"/resource_packs/rp/biomes_client/day_a.biome_client.json",
UNKJSON,101,"Error","","Unknown JSON file found",,"/resource_packs/rp/biomes_client/dysaphytic_wen.biome_client.json",
UNKJSON,101,"Error","","Unknown JSON file found",,"/resource_packs/rp/biomes_client/library.biome_client.json",
UNKJSON,101,"Error","","Unknown JSON file found",,"/resource_packs/rp/biomes_client/limbo.biome_client.json",
UNKJSON,101,"Error","","Unknown JSON file found",,"/resource_packs/rp/biomes_client/lucid.biome_client.json",
UNKJSON,101,"Error","","Unknown JSON file found",,"/resource_packs/rp/biomes_client/moon.biome_client.json",
UNKJSON,101,"Error","","Unknown JSON file found",,"/resource_packs/rp/biomes_client/nothing.biome_client.json",
UNKJSON,101,"Error","","Unknown JSON file found",,"/resource_packs/rp/biomes_client/nowhere.biome_client.json",
UNKJSON,101,"Error","","Unknown JSON file found",,"/resource_packs/rp/biomes_client/null_biome.biome_client.json",
UNKJSON,101,"Error","","Unknown JSON file found",,"/resource_packs/rp/biomes_client/protected_void.biome_client.json",
UNKJSON,101,"Error","","Unknown JSON file found",,"/resource_packs/rp/biomes_client/stage2.biome_client.json",
UNKJSON,101,"Error","","Unknown JSON file found",,"/resource_packs/rp/biomes_client/stage3.biome_client.json",
UNKJSON,101,"Error","","Unknown JSON file found",,"/resource_packs/rp/biomes_client/stereogenic_growth.biome_client.json",
UNKJSON,101,"Error","","Unknown JSON file found",,"/resource_packs/rp/biomes_client/void.biome_client.json",
UNLINK,1,"Test success","","Unlinked Items completed successfully",,"",
UNLINK,205,"Recommendation","","Link to vanilla item type item; avoid if possible","minecraft:oak_fence","/behavior_packs/bp/loot_tables/blocks/sideways_fence.json",
UNLINK,205,"Recommendation","","Link to vanilla item type item; avoid if possible","minecraft:furnace","/behavior_packs/bp/loot_tables/blocks/sideways_furnace.json",
UNLINK,205,"Recommendation","","Link to vanilla item type item; avoid if possible","minecraft:glass_pane","/behavior_packs/bp/loot_tables/blocks/sideways_pane.json",
UNLINK,205,"Recommendation","","Link to vanilla texture item; avoid if possible","#texture","/resource_packs/rp/ui/tbs_screens.json",
UNLINK,205,"Recommendation","","Link to vanilla texture item; avoid if possible","#texture","/resource_packs/rp/ui/tbs_screens.json",
UNLINK,323,"Warning","","Link to item type is not found in this pack","/behavior_packs/bp/loot_tables/blocks/all_dead.json to `thebrokenscript:all_dead`","/behavior_packs/bp/loot_tables/blocks/all_dead.json",
UNLINK,323,"Warning","","Link to item type is not found in this pack","/behavior_packs/bp/loot_tables/blocks/border_block.json to `thebrokenscript:border_block`","/behavior_packs/bp/loot_tables/blocks/border_block.json",
UNLINK,323,"Warning","","Link to item type is not found in this pack","/behavior_packs/bp/loot_tables/blocks/ceiling_light.json to `thebrokenscript:ceiling_light`","/behavior_packs/bp/loot_tables/blocks/ceiling_light.json",
UNLINK,323,"Warning","","Link to item type is not found in this pack","/behavior_packs/bp/loot_tables/blocks/ceiling_tile.json to `thebrokenscript:ceiling_tile`","/behavior_packs/bp/loot_tables/blocks/ceiling_tile.json",
UNLINK,323,"Warning","","Link to item type is not found in this pack","/behavior_packs/bp/loot_tables/blocks/chiseled_moon_stone_bricks.json to `thebrokenscript:chiseled_moon_stone_bricks`","/behavior_packs/bp/loot_tables/blocks/chiseled_moon_stone_bricks.json",
UNLINK,323,"Warning","","Link to item type is not found in this pack","/behavior_packs/bp/loot_tables/blocks/cobblestone_border_block.json to `thebrokenscript:cobblestone_border_block`","/behavior_packs/bp/loot_tables/blocks/cobblestone_border_block.json",
UNLINK,323,"Warning","","Link to item type is not found in this pack","/behavior_packs/bp/loot_tables/blocks/command.json to `thebrokenscript:command`","/behavior_packs/bp/loot_tables/blocks/command.json",
UNLINK,323,"Warning","","Link to item type is not found in this pack","/behavior_packs/bp/loot_tables/blocks/command_block_giver.json to `thebrokenscript:command_block_giver`","/behavior_packs/bp/loot_tables/blocks/command_block_giver.json",
UNLINK,323,"Warning","","Link to item type is not found in this pack","/behavior_packs/bp/loot_tables/blocks/concrete.json to `thebrokenscript:concrete`","/behavior_packs/bp/loot_tables/blocks/concrete.json",
UNLINK,323,"Warning","","Link to item type is not found in this pack","/behavior_packs/bp/loot_tables/blocks/corrupted_moon_stone_bricks.json to `thebrokenscript:corrupted_moon_stone_bricks`","/behavior_packs/bp/loot_tables/blocks/corrupted_moon_stone_bricks.json",
UNLINK,323,"Warning","","Link to item type is not found in this pack","/behavior_packs/bp/loot_tables/blocks/dirt_border_block.json to `thebrokenscript:dirt_border_block`","/behavior_packs/bp/loot_tables/blocks/dirt_border_block.json",
UNLINK,323,"Warning","","Link to item type is not found in this pack","/behavior_packs/bp/loot_tables/blocks/empty.json to `thebrokenscript:empty`","/behavior_packs/bp/loot_tables/blocks/empty.json",
UNLINK,323,"Warning","","Link to item type is not found in this pack","/behavior_packs/bp/loot_tables/blocks/flesh.json to `thebrokenscript:flesh`","/behavior_packs/bp/loot_tables/blocks/flesh.json",
UNLINK,323,"Warning","","Link to item type is not found in this pack","/behavior_packs/bp/loot_tables/blocks/glass_border_block.json to `thebrokenscript:glass_border_block`","/behavior_packs/bp/loot_tables/blocks/glass_border_block.json",
UNLINK,323,"Warning","","Link to item type is not found in this pack","/behavior_packs/bp/loot_tables/blocks/initiator.json to `thebrokenscript:initiator`","/behavior_packs/bp/loot_tables/blocks/initiator.json",
UNLINK,323,"Warning","","Link to item type is not found in this pack","/behavior_packs/bp/loot_tables/blocks/int.json to `thebrokenscript:int`","/behavior_packs/bp/loot_tables/blocks/int.json",
UNLINK,323,"Warning","","Link to item type is not found in this pack","/behavior_packs/bp/loot_tables/blocks/intense_projection.json to `thebrokenscript:intense_projection`","/behavior_packs/bp/loot_tables/blocks/intense_projection.json",
UNLINK,323,"Warning","","Link to item type is not found in this pack","/behavior_packs/bp/loot_tables/blocks/it.json to `thebrokenscript:it`","/behavior_packs/bp/loot_tables/blocks/it.json",
UNLINK,323,"Warning","","Link to item type is not found in this pack","/behavior_packs/bp/loot_tables/blocks/jim_trigger_1.json to `thebrokenscript:jim_trigger_1`","/behavior_packs/bp/loot_tables/blocks/jim_trigger_1.json",
UNLINK,323,"Warning","","Link to item type is not found in this pack","/behavior_packs/bp/loot_tables/blocks/jim_trigger_2.json to `thebrokenscript:jim_trigger_2`","/behavior_packs/bp/loot_tables/blocks/jim_trigger_2.json",
UNLINK,323,"Warning","","Link to item type is not found in this pack","/behavior_packs/bp/loot_tables/blocks/jim_trigger_3.json to `thebrokenscript:jim_trigger_3`","/behavior_packs/bp/loot_tables/blocks/jim_trigger_3.json",
UNLINK,323,"Warning","","Link to item type is not found in this pack","/behavior_packs/bp/loot_tables/blocks/jim_trigger_4.json to `thebrokenscript:jim_trigger_4`","/behavior_packs/bp/loot_tables/blocks/jim_trigger_4.json",
UNLINK,323,"Warning","","Link to item type is not found in this pack","/behavior_packs/bp/loot_tables/blocks/lily_of_the_abyss.json to `thebrokenscript:lily_of_the_abyss`","/behavior_packs/bp/loot_tables/blocks/lily_of_the_abyss.json",
UNLINK,323,"Warning","","Link to item type is not found in this pack","/behavior_packs/bp/loot_tables/blocks/limbo.json to `thebrokenscript:limbo`","/behavior_packs/bp/loot_tables/blocks/limbo.json",
UNLINK,323,"Warning","","Link to item type is not found in this pack","/behavior_packs/bp/loot_tables/blocks/moist_carpet.json to `thebrokenscript:moist_carpet`","/behavior_packs/bp/loot_tables/blocks/moist_carpet.json",
UNLINK,323,"Warning","","Link to item type is not found in this pack","/behavior_packs/bp/loot_tables/blocks/mono_library.json to `thebrokenscript:mono_library`","/behavior_packs/bp/loot_tables/blocks/mono_library.json",
UNLINK,323,"Warning","","Link to item type is not found in this pack","/behavior_packs/bp/loot_tables/blocks/mono_planks.json to `thebrokenscript:mono_planks`","/behavior_packs/bp/loot_tables/blocks/mono_planks.json",
UNLINK,323,"Warning","","Link to item type is not found in this pack","/behavior_packs/bp/loot_tables/blocks/mono_slab.json to `thebrokenscript:mono_slab`","/behavior_packs/bp/loot_tables/blocks/mono_slab.json",
UNLINK,323,"Warning","","Link to item type is not found in this pack","/behavior_packs/bp/loot_tables/blocks/mono_stairs.json to `thebrokenscript:mono_stairs`","/behavior_packs/bp/loot_tables/blocks/mono_stairs.json",
UNLINK,323,"Warning","","Link to item type is not found in this pack","/behavior_packs/bp/loot_tables/blocks/moon_stone.json to `thebrokenscript:moon_stone`","/behavior_packs/bp/loot_tables/blocks/moon_stone.json",
UNLINK,323,"Warning","","Link to item type is not found in this pack","/behavior_packs/bp/loot_tables/blocks/moon_stone_brick_slab.json to `thebrokenscript:moon_stone_brick_slab`","/behavior_packs/bp/loot_tables/blocks/moon_stone_brick_slab.json",
UNLINK,323,"Warning","","Link to item type is not found in this pack","/behavior_packs/bp/loot_tables/blocks/moon_stone_brick_stairs.json to `thebrokenscript:moon_stone_brick_stairs`","/behavior_packs/bp/loot_tables/blocks/moon_stone_brick_stairs.json",
UNLINK,323,"Warning","","Link to item type is not found in this pack","/behavior_packs/bp/loot_tables/blocks/moon_stone_brick_wall.json to `thebrokenscript:moon_stone_brick_wall`","/behavior_packs/bp/loot_tables/blocks/moon_stone_brick_wall.json",
UNLINK,323,"Warning","","Link to item type is not found in this pack","/behavior_packs/bp/loot_tables/blocks/moon_stone_bricks.json to `thebrokenscript:moon_stone_bricks`","/behavior_packs/bp/loot_tables/blocks/moon_stone_bricks.json",
UNLINK,323,"Warning","","Link to item type is not found in this pack","/behavior_packs/bp/loot_tables/blocks/name_missing.json to `thebrokenscript:name_missing`","/behavior_packs/bp/loot_tables/blocks/name_missing.json",
UNLINK,323,"Warning","","Link to item type is not found in this pack","/behavior_packs/bp/loot_tables/blocks/new_vein.json to `thebrokenscript:new_vein`","/behavior_packs/bp/loot_tables/blocks/new_vein.json",
UNLINK,323,"Warning","","Link to item type is not found in this pack","/behavior_packs/bp/loot_tables/blocks/nothing.json to `thebrokenscript:nothing`","/behavior_packs/bp/loot_tables/blocks/nothing.json",
UNLINK,323,"Warning","","Link to item type is not found in this pack","/behavior_packs/bp/loot_tables/blocks/nowhere_block.json to `thebrokenscript:nowhere_block`","/behavior_packs/bp/loot_tables/blocks/nowhere_block.json",
UNLINK,323,"Warning","","Link to item type is not found in this pack","/behavior_packs/bp/loot_tables/blocks/obsidian.json to `thebrokenscript:obsidian`","/behavior_packs/bp/loot_tables/blocks/obsidian.json",
UNLINK,323,"Warning","","Link to item type is not found in this pack","/behavior_packs/bp/loot_tables/blocks/oldblock.json to `thebrokenscript:oldblock`","/behavior_packs/bp/loot_tables/blocks/oldblock.json",
UNLINK,323,"Warning","","Link to item type is not found in this pack","/behavior_packs/bp/loot_tables/blocks/physical_stacktrace.json to `thebrokenscript:physical_stacktrace`","/behavior_packs/bp/loot_tables/blocks/physical_stacktrace.json",
UNLINK,323,"Warning","","Link to item type is not found in this pack","/behavior_packs/bp/loot_tables/blocks/polished_moon_stone.json to `thebrokenscript:polished_moon_stone`","/behavior_packs/bp/loot_tables/blocks/polished_moon_stone.json",
UNLINK,323,"Warning","","Link to item type is not found in this pack","/behavior_packs/bp/loot_tables/blocks/polished_moon_stone_slab.json to `thebrokenscript:polished_moon_stone_slab`","/behavior_packs/bp/loot_tables/blocks/polished_moon_stone_slab.json",
UNLINK,323,"Warning","","Link to item type is not found in this pack","/behavior_packs/bp/loot_tables/blocks/polished_moon_stone_stairs.json to `thebrokenscript:polished_moon_stone_stairs`","/behavior_packs/bp/loot_tables/blocks/polished_moon_stone_stairs.json",
UNLINK,323,"Warning","","Link to item type is not found in this pack","/behavior_packs/bp/loot_tables/blocks/polished_moon_stone_wall.json to `thebrokenscript:polished_moon_stone_wall`","/behavior_packs/bp/loot_tables/blocks/polished_moon_stone_wall.json",
UNLINK,323,"Warning","","Link to item type is not found in this pack","/behavior_packs/bp/loot_tables/blocks/potted_lily_of_the_abyss.json to `thebrokenscript:potted_lily_of_the_abyss`","/behavior_packs/bp/loot_tables/blocks/potted_lily_of_the_abyss.json",
UNLINK,323,"Warning","","Link to item type is not found in this pack","/behavior_packs/bp/loot_tables/blocks/potted_void_bell.json to `thebrokenscript:potted_void_bell`","/behavior_packs/bp/loot_tables/blocks/potted_void_bell.json",
UNLINK,323,"Warning","","Link to item type is not found in this pack","/behavior_packs/bp/loot_tables/blocks/potted_void_cap.json to `thebrokenscript:potted_void_cap`","/behavior_packs/bp/loot_tables/blocks/potted_void_cap.json",
UNLINK,323,"Warning","","Link to item type is not found in this pack","/behavior_packs/bp/loot_tables/blocks/potted_void_shroom.json to `thebrokenscript:potted_void_shroom`","/behavior_packs/bp/loot_tables/blocks/potted_void_shroom.json",
UNLINK,323,"Warning","","Link to item type is not found in this pack","/behavior_packs/bp/loot_tables/blocks/protected_void.json to `thebrokenscript:protected_void`","/behavior_packs/bp/loot_tables/blocks/protected_void.json",
UNLINK,323,"Warning","","Link to item type is not found in this pack","/behavior_packs/bp/loot_tables/blocks/protected_void_fence.json to `thebrokenscript:protected_void_fence`","/behavior_packs/bp/loot_tables/blocks/protected_void_fence.json",
UNLINK,323,"Warning","","Link to item type is not found in this pack","/behavior_packs/bp/loot_tables/blocks/protected_void_light.json to `thebrokenscript:protected_void_light`","/behavior_packs/bp/loot_tables/blocks/protected_void_light.json",
UNLINK,323,"Warning","","Link to item type is not found in this pack","/behavior_packs/bp/loot_tables/blocks/protected_void_slab.json to `thebrokenscript:protected_void_slab`","/behavior_packs/bp/loot_tables/blocks/protected_void_slab.json",
UNLINK,323,"Warning","","Link to item type is not found in this pack","/behavior_packs/bp/loot_tables/blocks/protected_void_stairs.json to `thebrokenscript:protected_void_stairs`","/behavior_packs/bp/loot_tables/blocks/protected_void_stairs.json",
UNLINK,323,"Warning","","Link to item type is not found in this pack","/behavior_packs/bp/loot_tables/blocks/protected_void_wall.json to `thebrokenscript:protected_void_wall`","/behavior_packs/bp/loot_tables/blocks/protected_void_wall.json",
UNLINK,323,"Warning","","Link to item type is not found in this pack","/behavior_packs/bp/loot_tables/blocks/r_3.json to `thebrokenscript:r_3`","/behavior_packs/bp/loot_tables/blocks/r_3.json",
UNLINK,323,"Warning","","Link to item type is not found in this pack","/behavior_packs/bp/loot_tables/blocks/red_ceiling_light.json to `thebrokenscript:red_ceiling_light`","/behavior_packs/bp/loot_tables/blocks/red_ceiling_light.json",
UNLINK,323,"Warning","","Link to item type is not found in this pack","/behavior_packs/bp/loot_tables/blocks/red_ceiling_tile.json to `thebrokenscript:red_ceiling_tile`","/behavior_packs/bp/loot_tables/blocks/red_ceiling_tile.json",
UNLINK,323,"Warning","","Link to item type is not found in this pack","/behavior_packs/bp/loot_tables/blocks/red_moist_carpet.json to `thebrokenscript:red_moist_carpet`","/behavior_packs/bp/loot_tables/blocks/red_moist_carpet.json",
UNLINK,323,"Warning","","Link to item type is not found in this pack","/behavior_packs/bp/loot_tables/blocks/red_ugly_wallpaper.json to `thebrokenscript:red_ugly_wallpaper`","/behavior_packs/bp/loot_tables/blocks/red_ugly_wallpaper.json",
UNLINK,323,"Warning","","Link to item type is not found in this pack","/behavior_packs/bp/loot_tables/blocks/sideways_cobblestone_stairs.json to `thebrokenscript:sideways_cobblestone_stairs`","/behavior_packs/bp/loot_tables/blocks/sideways_cobblestone_stairs.json",
UNLINK,323,"Warning","","Link to item type is not found in this pack","/behavior_packs/bp/loot_tables/blocks/smooth_stone_vertical_slab.json to `thebrokenscript:smooth_stone_vertical_slab`","/behavior_packs/bp/loot_tables/blocks/smooth_stone_vertical_slab.json",
UNLINK,323,"Warning","","Link to item type is not found in this pack","/behavior_packs/bp/loot_tables/blocks/spruce_wood_slab.json to `thebrokenscript:spruce_wood_slab`","/behavior_packs/bp/loot_tables/blocks/spruce_wood_slab.json",
UNLINK,323,"Warning","","Link to item type is not found in this pack","/behavior_packs/bp/loot_tables/blocks/stone_border_block.json to `thebrokenscript:stone_border_block`","/behavior_packs/bp/loot_tables/blocks/stone_border_block.json",
UNLINK,323,"Warning","","Link to item type is not found in this pack","/behavior_packs/bp/loot_tables/blocks/stone_slab_border_block.json to `thebrokenscript:stone_slab_border_block`","/behavior_packs/bp/loot_tables/blocks/stone_slab_border_block.json",
UNLINK,323,"Warning","","Link to item type is not found in this pack","/behavior_packs/bp/loot_tables/blocks/teeth.json to `thebrokenscript:teeth`","/behavior_packs/bp/loot_tables/blocks/teeth.json",
UNLINK,323,"Warning","","Link to item type is not found in this pack","/behavior_packs/bp/loot_tables/blocks/ud_oak_door.json to `thebrokenscript:ud_oak_door`","/behavior_packs/bp/loot_tables/blocks/ud_oak_door.json",
UNLINK,323,"Warning","","Link to item type is not found in this pack","/behavior_packs/bp/loot_tables/blocks/ugly_wallpaper.json to `thebrokenscript:ugly_wallpaper`","/behavior_packs/bp/loot_tables/blocks/ugly_wallpaper.json",
UNLINK,323,"Warning","","Link to item type is not found in this pack","/behavior_packs/bp/loot_tables/blocks/viscera.json to `thebrokenscript:viscera`","/behavior_packs/bp/loot_tables/blocks/viscera.json",
UNLINK,323,"Warning","","Link to item type is not found in this pack","/behavior_packs/bp/loot_tables/blocks/void_bell.json to `thebrokenscript:void_bell`","/behavior_packs/bp/loot_tables/blocks/void_bell.json",
UNLINK,323,"Warning","","Link to item type is not found in this pack","/behavior_packs/bp/loot_tables/blocks/void_bloom.json to `thebrokenscript:void_bloom`","/behavior_packs/bp/loot_tables/blocks/void_bloom.json",
UNLINK,323,"Warning","","Link to item type is not found in this pack","/behavior_packs/bp/loot_tables/blocks/void_blossom.json to `thebrokenscript:void_blossom`","/behavior_packs/bp/loot_tables/blocks/void_blossom.json",
UNLINK,323,"Warning","","Link to item type is not found in this pack","/behavior_packs/bp/loot_tables/blocks/void_bud.json to `thebrokenscript:void_bud`","/behavior_packs/bp/loot_tables/blocks/void_bud.json",
UNLINK,323,"Warning","","Link to item type is not found in this pack","/behavior_packs/bp/loot_tables/blocks/void_budding.json to `thebrokenscript:void_budding`","/behavior_packs/bp/loot_tables/blocks/void_budding.json",
UNLINK,323,"Warning","","Link to item type is not found in this pack","/behavior_packs/bp/loot_tables/blocks/void_cap.json to `thebrokenscript:void_cap`","/behavior_packs/bp/loot_tables/blocks/void_cap.json",
UNLINK,323,"Warning","","Link to item type is not found in this pack","/behavior_packs/bp/loot_tables/blocks/void_door.json to `thebrokenscript:void_door`","/behavior_packs/bp/loot_tables/blocks/void_door.json",
UNLINK,323,"Warning","","Link to item type is not found in this pack","/behavior_packs/bp/loot_tables/blocks/void_goop_flow.json to `thebrokenscript:void_goop_flow`","/behavior_packs/bp/loot_tables/blocks/void_goop_flow.json",
UNLINK,323,"Warning","","Link to item type is not found in this pack","/behavior_packs/bp/loot_tables/blocks/void_goop_still.json to `thebrokenscript:void_goop_still`","/behavior_packs/bp/loot_tables/blocks/void_goop_still.json",
UNLINK,323,"Warning","","Link to item type is not found in this pack","/behavior_packs/bp/loot_tables/blocks/void_grass.json to `thebrokenscript:void_grass`","/behavior_packs/bp/loot_tables/blocks/void_grass.json",
UNLINK,323,"Warning","","Link to item type is not found in this pack","/behavior_packs/bp/loot_tables/blocks/void_log.json to `thebrokenscript:void_log`","/behavior_packs/bp/loot_tables/blocks/void_log.json",
UNLINK,323,"Warning","","Link to item type is not found in this pack","/behavior_packs/bp/loot_tables/blocks/void_log_door.json to `thebrokenscript:void_log_door`","/behavior_packs/bp/loot_tables/blocks/void_log_door.json",
UNLINK,323,"Warning","","Link to item type is not found in this pack","/behavior_packs/bp/loot_tables/blocks/void_plank_door.json to `thebrokenscript:void_plank_door`","/behavior_packs/bp/loot_tables/blocks/void_plank_door.json",
UNLINK,323,"Warning","","Link to item type is not found in this pack","/behavior_packs/bp/loot_tables/blocks/void_plank_slab.json to `thebrokenscript:void_plank_slab`","/behavior_packs/bp/loot_tables/blocks/void_plank_slab.json",
UNLINK,323,"Warning","","Link to item type is not found in this pack","/behavior_packs/bp/loot_tables/blocks/void_plank_stairs.json to `thebrokenscript:void_plank_stairs`","/behavior_packs/bp/loot_tables/blocks/void_plank_stairs.json",
UNLINK,323,"Warning","","Link to item type is not found in this pack","/behavior_packs/bp/loot_tables/blocks/void_planks.json to `thebrokenscript:void_planks`","/behavior_packs/bp/loot_tables/blocks/void_planks.json",
UNLINK,323,"Warning","","Link to item type is not found in this pack","/behavior_packs/bp/loot_tables/blocks/void_shroom.json to `thebrokenscript:void_shroom`","/behavior_packs/bp/loot_tables/blocks/void_shroom.json",
UNLINK,323,"Warning","","Link to item type is not found in this pack","/behavior_packs/bp/loot_tables/blocks/void_sprout.json to `thebrokenscript:void_sprout`","/behavior_packs/bp/loot_tables/blocks/void_sprout.json",
UNLINK,323,"Warning","","Link to item type is not found in this pack","/behavior_packs/bp/loot_tables/blocks/void_template_1.json to `thebrokenscript:void_template_1`","/behavior_packs/bp/loot_tables/blocks/void_template_1.json",
UNLINK,323,"Warning","","Link to item type is not found in this pack","/behavior_packs/bp/loot_tables/blocks/void_template_10.json to `thebrokenscript:void_template_10`","/behavior_packs/bp/loot_tables/blocks/void_template_10.json",
UNLINK,323,"Warning","","Link to item type is not found in this pack","/behavior_packs/bp/loot_tables/blocks/void_template_11.json to `thebrokenscript:void_template_11`","/behavior_packs/bp/loot_tables/blocks/void_template_11.json",
UNLINK,323,"Warning","","Link to item type is not found in this pack","/behavior_packs/bp/loot_tables/blocks/void_template_12.json to `thebrokenscript:void_template_12`","/behavior_packs/bp/loot_tables/blocks/void_template_12.json",
UNLINK,323,"Warning","","Link to item type is not found in this pack","/behavior_packs/bp/loot_tables/blocks/void_template_13.json to `thebrokenscript:void_template_13`","/behavior_packs/bp/loot_tables/blocks/void_template_13.json",
UNLINK,323,"Warning","","Link to item type is not found in this pack","/behavior_packs/bp/loot_tables/blocks/void_template_14.json to `thebrokenscript:void_template_14`","/behavior_packs/bp/loot_tables/blocks/void_template_14.json",
UNLINK,323,"Warning","","Link to item type is not found in this pack","/behavior_packs/bp/loot_tables/blocks/void_template_15.json to `thebrokenscript:void_template_15`","/behavior_packs/bp/loot_tables/blocks/void_template_15.json",
UNLINK,323,"Warning","","Link to item type is not found in this pack","/behavior_packs/bp/loot_tables/blocks/void_template_16.json to `thebrokenscript:void_template_16`","/behavior_packs/bp/loot_tables/blocks/void_template_16.json",
UNLINK,323,"Warning","","Link to item type is not found in this pack","/behavior_packs/bp/loot_tables/blocks/void_template_2.json to `thebrokenscript:void_template_2`","/behavior_packs/bp/loot_tables/blocks/void_template_2.json",
UNLINK,323,"Warning","","Link to item type is not found in this pack","/behavior_packs/bp/loot_tables/blocks/void_template_3.json to `thebrokenscript:void_template_3`","/behavior_packs/bp/loot_tables/blocks/void_template_3.json",
UNLINK,323,"Warning","","Link to item type is not found in this pack","/behavior_packs/bp/loot_tables/blocks/void_template_4.json to `thebrokenscript:void_template_4`","/behavior_packs/bp/loot_tables/blocks/void_template_4.json",
UNLINK,323,"Warning","","Link to item type is not found in this pack","/behavior_packs/bp/loot_tables/blocks/void_template_5.json to `thebrokenscript:void_template_5`","/behavior_packs/bp/loot_tables/blocks/void_template_5.json",
UNLINK,323,"Warning","","Link to item type is not found in this pack","/behavior_packs/bp/loot_tables/blocks/void_template_6.json to `thebrokenscript:void_template_6`","/behavior_packs/bp/loot_tables/blocks/void_template_6.json",
UNLINK,323,"Warning","","Link to item type is not found in this pack","/behavior_packs/bp/loot_tables/blocks/void_template_7.json to `thebrokenscript:void_template_7`","/behavior_packs/bp/loot_tables/blocks/void_template_7.json",
UNLINK,323,"Warning","","Link to item type is not found in this pack","/behavior_packs/bp/loot_tables/blocks/void_template_8.json to `thebrokenscript:void_template_8`","/behavior_packs/bp/loot_tables/blocks/void_template_8.json",
UNLINK,323,"Warning","","Link to item type is not found in this pack","/behavior_packs/bp/loot_tables/blocks/void_template_9.json to `thebrokenscript:void_template_9`","/behavior_packs/bp/loot_tables/blocks/void_template_9.json",
UNLINK,323,"Warning","","Link to item type is not found in this pack","/behavior_packs/bp/loot_tables/blocks/void_vine.json to `thebrokenscript:void_vine`","/behavior_packs/bp/loot_tables/blocks/void_vine.json",
UNLINK,323,"Warning","","Link to item type is not found in this pack","/behavior_packs/bp/loot_tables/blocks/void_wood.json to `thebrokenscript:void_wood`","/behavior_packs/bp/loot_tables/blocks/void_wood.json",
UNLINK,323,"Warning","","Link to item type is not found in this pack","/behavior_packs/bp/loot_tables/blocks/void_wood_trapdoor.json to `thebrokenscript:void_wood_trapdoor`","/behavior_packs/bp/loot_tables/blocks/void_wood_trapdoor.json",
UNLINK,323,"Warning","","Link to item type is not found in this pack","/behavior_packs/bp/recipes/brickmooncut_chiseled_moonstone.json to `thebrokenscript:moon_stone_bricks`","/behavior_packs/bp/recipes/brickmooncut_chiseled_moonstone.json",
UNLINK,323,"Warning","","Link to item type is not found in this pack","/behavior_packs/bp/recipes/chainmail_boots.json to `minecraft:fire`","/behavior_packs/bp/recipes/chainmail_boots.json",
UNLINK,323,"Warning","","Link to item type is not found in this pack","/behavior_packs/bp/recipes/chainmail_chestplate.json to `minecraft:fire`","/behavior_packs/bp/recipes/chainmail_chestplate.json",
UNLINK,323,"Warning","","Link to item type is not found in this pack","/behavior_packs/bp/recipes/chainmail_helmet.json to `minecraft:fire`","/behavior_packs/bp/recipes/chainmail_helmet.json",
UNLINK,323,"Warning","","Link to item type is not found in this pack","/behavior_packs/bp/recipes/chainmail_leggings.json to `minecraft:fire`","/behavior_packs/bp/recipes/chainmail_leggings.json",
UNLINK,323,"Warning","","Link to item type is not found in this pack","/behavior_packs/bp/recipes/corrupted_moonstone_bricks.json to `thebrokenscript:all_dead`","/behavior_packs/bp/recipes/corrupted_moonstone_bricks.json",
UNLINK,323,"Warning","","Link to item type is not found in this pack","/behavior_packs/bp/recipes/corrupted_moonstone_bricks.json to `thebrokenscript:moon_stone_bricks`","/behavior_packs/bp/recipes/corrupted_moonstone_bricks.json",
UNLINK,323,"Warning","","Link to item type is not found in this pack","/behavior_packs/bp/recipes/moonstone_bricks_to_slabs.json to `thebrokenscript:moon_stone_bricks`","/behavior_packs/bp/recipes/moonstone_bricks_to_slabs.json",
UNLINK,323,"Warning","","Link to item type is not found in this pack","/behavior_packs/bp/recipes/moonstone_to_polished.json to `thebrokenscript:moon_stone`","/behavior_packs/bp/recipes/moonstone_to_polished.json",
UNLINK,323,"Warning","","Link to item type is not found in this pack","/behavior_packs/bp/recipes/moonstonebrcikcut_to_wall.json to `thebrokenscript:moon_stone_bricks`","/behavior_packs/bp/recipes/moonstonebrcikcut_to_wall.json",
UNLINK,323,"Warning","","Link to item type is not found in this pack","/behavior_packs/bp/recipes/moonstonebrick_to_stair.json to `thebrokenscript:moon_stone_bricks`","/behavior_packs/bp/recipes/moonstonebrick_to_stair.json",
UNLINK,323,"Warning","","Link to item type is not found in this pack","/behavior_packs/bp/recipes/moonstonebrick_to_wall.json to `thebrokenscript:moon_stone_bricks`","/behavior_packs/bp/recipes/moonstonebrick_to_wall.json",
UNLINK,323,"Warning","","Link to item type is not found in this pack","/behavior_packs/bp/recipes/moonstonebrickcut_to_brickslabs.json to `thebrokenscript:moon_stone_bricks`","/behavior_packs/bp/recipes/moonstonebrickcut_to_brickslabs.json",
UNLINK,323,"Warning","","Link to item type is not found in this pack","/behavior_packs/bp/recipes/moonstonebrickcut_to_brickstairs.json to `thebrokenscript:moon_stone_bricks`","/behavior_packs/bp/recipes/moonstonebrickcut_to_brickstairs.json",
UNLINK,323,"Warning","","Link to item type is not found in this pack","/behavior_packs/bp/recipes/moonstonecut_to_bricks.json to `thebrokenscript:moon_stone`","/behavior_packs/bp/recipes/moonstonecut_to_bricks.json",
UNLINK,323,"Warning","","Link to item type is not found in this pack","/behavior_packs/bp/recipes/moonstonecut_to_brickslabs.json to `thebrokenscript:moon_stone`","/behavior_packs/bp/recipes/moonstonecut_to_brickslabs.json",
UNLINK,323,"Warning","","Link to item type is not found in this pack","/behavior_packs/bp/recipes/moonstonecut_to_brickstairs.json to `thebrokenscript:moon_stone`","/behavior_packs/bp/recipes/moonstonecut_to_brickstairs.json",
UNLINK,323,"Warning","","Link to item type is not found in this pack","/behavior_packs/bp/recipes/moonstonecut_to_polished.json to `thebrokenscript:moon_stone`","/behavior_packs/bp/recipes/moonstonecut_to_polished.json",
UNLINK,323,"Warning","","Link to item type is not found in this pack","/behavior_packs/bp/recipes/moonstonecut_to_polishslabs.json to `thebrokenscript:moon_stone`","/behavior_packs/bp/recipes/moonstonecut_to_polishslabs.json",
UNLINK,323,"Warning","","Link to item type is not found in this pack","/behavior_packs/bp/recipes/moonstonecut_to_polishstairs.json to `thebrokenscript:moon_stone`","/behavior_packs/bp/recipes/moonstonecut_to_polishstairs.json",
UNLINK,323,"Warning","","Link to item type is not found in this pack","/behavior_packs/bp/recipes/moonstonecut_to_polishwall.json to `thebrokenscript:moon_stone`","/behavior_packs/bp/recipes/moonstonecut_to_polishwall.json",
UNLINK,323,"Warning","","Link to item type is not found in this pack","/behavior_packs/bp/recipes/moonstonecut_to_wall.json to `thebrokenscript:moon_stone`","/behavior_packs/bp/recipes/moonstonecut_to_wall.json",
UNLINK,323,"Warning","","Link to item type is not found in this pack","/behavior_packs/bp/recipes/notch_apple.json to `minecraft:apple`","/behavior_packs/bp/recipes/notch_apple.json",
UNLINK,323,"Warning","","Link to item type is not found in this pack","/behavior_packs/bp/recipes/notch_apple.json to `minecraft:gold_block`","/behavior_packs/bp/recipes/notch_apple.json",
UNLINK,323,"Warning","","Link to item type is not found in this pack","/behavior_packs/bp/recipes/plainmooncut_chiseled_moonstone.json to `thebrokenscript:moon_stone`","/behavior_packs/bp/recipes/plainmooncut_chiseled_moonstone.json",
UNLINK,323,"Warning","","Link to item type is not found in this pack","/behavior_packs/bp/recipes/polished_moonstone_to_slabs.json to `thebrokenscript:polished_moon_stone`","/behavior_packs/bp/recipes/polished_moonstone_to_slabs.json",
UNLINK,323,"Warning","","Link to item type is not found in this pack","/behavior_packs/bp/recipes/polishedmoonstone_to_bricks.json to `thebrokenscript:polished_moon_stone`","/behavior_packs/bp/recipes/polishedmoonstone_to_bricks.json",
UNLINK,323,"Warning","","Link to item type is not found in this pack","/behavior_packs/bp/recipes/polishedmoonstone_to_polishedstairs.json to `thebrokenscript:polished_moon_stone`","/behavior_packs/bp/recipes/polishedmoonstone_to_polishedstairs.json",
UNLINK,323,"Warning","","Link to item type is not found in this pack","/behavior_packs/bp/recipes/polishedmoonstone_to_stair.json to `thebrokenscript:polished_moon_stone`","/behavior_packs/bp/recipes/polishedmoonstone_to_stair.json",
UNLINK,323,"Warning","","Link to item type is not found in this pack","/behavior_packs/bp/recipes/polishedmoonstone_to_wall.json to `thebrokenscript:polished_moon_stone`","/behavior_packs/bp/recipes/polishedmoonstone_to_wall.json",
UNLINK,323,"Warning","","Link to item type is not found in this pack","/behavior_packs/bp/recipes/polishmoonstonecut_to_polishslabs.json to `thebrokenscript:polished_moon_stone`","/behavior_packs/bp/recipes/polishmoonstonecut_to_polishslabs.json",
UNLINK,323,"Warning","","Link to item type is not found in this pack","/behavior_packs/bp/recipes/polishmoonstonecut_to_wall.json to `thebrokenscript:polished_moon_stone`","/behavior_packs/bp/recipes/polishmoonstonecut_to_wall.json",
UNLINK,323,"Warning","","Link to item type is not found in this pack","/behavior_packs/bp/recipes/slabbed_chiseled_moonstone.json to `thebrokenscript:moon_stone_brick_slab`","/behavior_packs/bp/recipes/slabbed_chiseled_moonstone.json",
UNLINK,323,"Warning","","Link to item type is not found in this pack","/behavior_packs/bp/recipes/void_log_door.json to `thebrokenscript:void_log`","/behavior_packs/bp/recipes/void_log_door.json",
UNLINK,323,"Warning","","Link to item type is not found in this pack","/behavior_packs/bp/recipes/void_plank_door.json to `thebrokenscript:void_planks`","/behavior_packs/bp/recipes/void_plank_door.json",
UNLINK,323,"Warning","","Link to item type is not found in this pack","/behavior_packs/bp/recipes/void_plank_stairs.json to `thebrokenscript:void_planks`","/behavior_packs/bp/recipes/void_plank_stairs.json",
UNLINK,323,"Warning","","Link to item type is not found in this pack","/behavior_packs/bp/recipes/void_planks_from_log.json to `thebrokenscript:void_log`","/behavior_packs/bp/recipes/void_planks_from_log.json",
UNLINK,323,"Warning","","Link to item type is not found in this pack","/behavior_packs/bp/recipes/void_planks_from_wood.json to `thebrokenscript:void_wood`","/behavior_packs/bp/recipes/void_planks_from_wood.json",
UNLINK,323,"Warning","","Link to item type is not found in this pack","/behavior_packs/bp/recipes/void_slabs_from_planks.json to `thebrokenscript:void_planks`","/behavior_packs/bp/recipes/void_slabs_from_planks.json",
UNLINK,323,"Warning","","Link to item type is not found in this pack","/behavior_packs/bp/recipes/void_wood_from_log.json to `thebrokenscript:void_log`","/behavior_packs/bp/recipes/void_wood_from_log.json",
UNLINK,399,"Warning","","Link to texture is not found in this pack","/resource_packs/rp/ui/vhs_overlay.json to `textures/ui/vhs/chroma_atlas`","/resource_packs/rp/ui/vhs_overlay.json",
UNLINK,399,"Warning","","Link to texture is not found in this pack","/resource_packs/rp/ui/vhs_overlay.json to `textures/ui/vhs/color_wash`","/resource_packs/rp/ui/vhs_overlay.json",
UNLINK,399,"Warning","","Link to texture is not found in this pack","/resource_packs/rp/ui/vhs_overlay.json to `textures/ui/vhs/dropout_atlas`","/resource_packs/rp/ui/vhs_overlay.json",
UNLINK,399,"Warning","","Link to texture is not found in this pack","/resource_packs/rp/ui/vhs_overlay.json to `textures/ui/vhs/grain_atlas`","/resource_packs/rp/ui/vhs_overlay.json",
UNLINK,399,"Warning","","Link to texture is not found in this pack","/resource_packs/rp/ui/vhs_overlay.json to `textures/ui/vhs/head_switch_atlas`","/resource_packs/rp/ui/vhs_overlay.json",
UNLINK,399,"Warning","","Link to texture is not found in this pack","/resource_packs/rp/ui/vhs_overlay.json to `textures/ui/vhs/scanlines`","/resource_packs/rp/ui/vhs_overlay.json",
UNLINK,399,"Warning","","Link to texture is not found in this pack","/resource_packs/rp/ui/vhs_overlay.json to `textures/ui/vhs/tracking_atlas`","/resource_packs/rp/ui/vhs_overlay.json",
UNLINK,399,"Warning","","Link to texture is not found in this pack","/resource_packs/rp/ui/vhs_overlay.json to `textures/ui/vhs/vignette`","/resource_packs/rp/ui/vhs_overlay.json",
VALFILE,2,"Unknown","","No applicable items found for test Valid files (VALFILE)",,"",
VANPRO,1,"Test success","","Vanilla Protected Assets completed successfully",,"",
VSCODEFILE,2,"Unknown","","No applicable items found for test VSCode Files (VSCODEFILE)",,"",
WORLD,2,"Unknown","","No applicable items found for test World Validation (WORLD)",,"",
WORLDDATA,2,"Unknown","","No applicable items found for test World Data Validation (WORLDDATA)",,"",
WPACKREFS,1,"Test success","","World Pack References completed successfully",,"",